Tract,Income,Population,Population Density,Unemployment (%),Under 18 Population,Under 5 Population,Non-White (%),School Enrollment,Non-Hispanic and Non-Black (%),Highschool Graduate (%),Poverty Rate (%),Owner Occupied,Renter Occupied,Owner Occupied (%),Renter Occupied (%),65 years and over,Under 18 (%),Under 5 (%),65 years and over (%),School Enrollment (%)
100000,89239,6011,4010.124971138324,3.8,99,42,36.48311429046747,97,62.5,20.8,16.6,434,2690,13.892445582586427,86.10755441741357,296,0.016469805356845783,0.00698719015138912,0.049243054400266176,0.016137082016303445
210100,56250,7363,27289.447614621527,0.0,0,0,59.05201684096157,47,17.800000000000004,39.1,0.0,4,42,8.695652173913043,91.30434782608695,53,0.0,0.0,0.007198152926796143,0.006383267689800353
210400,36217,4422,6313.910910465753,8.0,1257,437,39.23563998190864,760,9.099999999999998,25.0,34.6,648,915,41.45873320537428,58.54126679462573,644,0.28426051560379917,0.09882406151062867,0.1456354590682949,0.1718679330619629
210500,37323,5548,6678.676559,7.3,1580,562,38.518385003604905,1030,4.900000000000002,28.4,22.0,720,1064,40.35874439461883,59.64125560538116,536,0.28478731074260993,0.10129776496034607,0.0966113914924297,0.18565248738284065
210600,57750,5327,5913.060891,2.4,1304,197,22.789562605594146,1070,17.500000000000004,29.6,13.3,1492,611,70.94626723728008,29.053732762719925,552,0.24479068894311995,0.0369814154308241,0.10362305237469495,0.2008635254364558
210700,39047,2459,5629.858649291273,4.2,610,150,43.51362342415616,443,4.999999999999995,31.3,27.0,446,303,59.546061415220294,40.453938584779706,242,0.2480683204554697,0.061000406669377796,0.09841398942659618,0.18015453436356244
210800,32639,2466,1741.5233747330915,10.0,635,236,50.89213300892133,400,4.700000000000003,39.3,40.7,337,510,39.78748524,60.21251476,234,0.2575020275750203,0.09570154095701541,0.0948905109489051,0.16220600162206
210900,33548,1320,2712.600818690053,9.1,270,53,85.53030303030303,202,6.5,37.7,13.3,312,252,55.319148936170215,44.680851063829785,241,0.20454545454545456,0.04015151515151515,0.18257575757575759,0.15303030303030302
211000,36736,1989,4601.901891782869,9.1,554,190,67.32026144,360,2.6999999999999957,32.8,33.7,350,357,49.504950495049506,50.495049504950494,283,0.27853192559074913,0.0955253896430367,0.14228255404725992,0.18099547511312217
211100,26166,5322,5772.220255964042,4.7,1130,173,49.00413378429162,604,2.799999999999997,35.7,39.3,659,1244,34.62953231739359,65.37046768260642,631,0.212326193160466,0.032506576475009395,0.11856444945509208,0.11349116873355881
211200,21143,2211,3363.5524049649184,10.4,334,40,76.61691542288557,226,2.6000000000000085,36.3,37.0,382,630,37.74703557312253,62.25296442687747,445,0.15106286748077793,0.018091361374943465,0.20126639529624604,0.10221619176843058
211300,27014,5319,4996.058838461894,14.3,1362,288,83.07952622673434,1168,3.200000000000003,31.2,32.6,656,1449,31.163895486935868,68.83610451306413,502,0.25606316976875354,0.05414551607445008,0.09437864260199286,0.21959014852415867
211400,30368,3890,2696.0088085995812,9.5,1136,466,69.20308483290488,629,12.0,26.6,37.1,456,997,31.383344803854097,68.6166552,334,0.29203084832904885,0.11979434447300771,0.08586118251928021,0.16169665809768638
211500,32285,6547,2802.880299389503,6.9,1893,415,36.291431189857946,1373,1.7000000000000055,33.4,27.1,954,951,50.07874015748032,49.92125984251968,569,0.28914006415151977,0.06338781121124179,0.08691003513059417,0.20971437299526502
211600,31809,3068,6825.070805771641,3.9,829,300,59.485006518904825,484,4.799999999999994,35.1,28.5,487,673,41.98275862068965,58.01724137931035,273,0.27020860495436766,0.09778357235984354,0.08898305084745763,0.1577574967405476
211700,31367,4142,2413.275816436961,5.2,1009,363,59.97102848865282,730,5.600000000000001,52.4,32.2,595,863,40.80932784636489,59.19067215363511,553,0.2436021245774988,0.08763882182520522,0.13351038145823274,0.17624336069531626
211900,35487,5398,11209.24451438356,7.3,1666,594,31.233790292701,990,2.2000000000000055,26.2,37.4,869,577,60.09681881051176,39.90318118948824,643,0.30863282697295297,0.11004075583549462,0.11911819192293442,0.18340125972582438
212300,25392,4387,3504.327411404496,9.2,933,303,39.867791201276496,664,9.399999999999997,24.8,35.8,748,850,46.808510638297875,53.191489361702125,619,0.21267380898108046,0.06906770002279462,0.14109870070663325,0.15135627991793937
212400,38194,3037,966.3162444419586,8.2,690,272,48.73230161343431,460,2.9999999999999947,28.8,30.8,617,292,67.87678767876788,32.123212321232124,425,0.22719789265722753,0.08956206783009549,0.1399407309845242,0.151465261771485
212500,40735,4005,907.6024861311082,16.0,1173,196,55.58052434456929,1081,5.300000000000004,24.4,34.2,734,614,54.45103857566765,45.54896142433235,611,0.29288389513108615,0.04893882646691636,0.15255930087390762,0.26991260923845195
220100,32310,2117,3090.7440451505354,17.7,632,97,64.05290505432215,481,0.4000000000000057,23.5,27.1,355,322,52.437223042836045,47.56277695716396,274,0.29853566367501183,0.04581955597543694,0.12942843646669816,0.2272083136513935
220200,41750,2646,4643.397219190491,4.8,532,181,15.419501133786849,405,7.199999999999994,27.8,23.2,485,377,56.264501160092806,43.735498839907194,312,0.20105820105820105,0.06840513983371126,0.11791383219954649,0.15306122448979592
220300,47035,4437,5803.741569771063,3.5,1350,403,15.32567049808429,973,7.000000000000003,27.5,27.2,588,649,47.53435731608731,52.46564268391269,315,0.30425963488843816,0.0908271354518819,0.07099391480730223,0.21929231462700022
220400,36530,4253,5779.449963,7.1,1084,328,12.932047966141546,725,5.7999999999999945,25.7,40.3,614,653,48.460931333859506,51.53906866614049,538,0.25487890900540794,0.07712203150717141,0.12649894192334823,0.17046790500822948
220500,15906,3377,3641.927778859566,6.2,536,171,26.17708024874149,407,12.300000000000004,24.6,45.6,328,1414,18.828932261768085,81.17106773823191,892,0.15872075806929228,0.05063665975718093,0.2641397690257625,0.12052117263843648
220600,38958,4083,6368.257542404442,7.0,1676,457,28.16556453588048,1302,2.8999999999999986,28.1,35.4,544,524,50.936329588014985,49.063670411985015,264,0.4104824883663973,0.11192750428606417,0.06465833945628215,0.3188831741366642
220700,25688,6419,3994.571969749208,7.3,2247,665,18.55429194578595,1528,5.300000000000006,26.5,44.3,971,943,50.731452455590386,49.268547544409614,442,0.3500545256270447,0.10359869138495092,0.0688580775821779,0.2380433089266241
220800,24894,4089,6106.478335686602,4.1,1463,422,44.87649792125214,1095,1.8000000000000045,31.8,55.2,325,753,30.14842300556586,69.85157699443414,279,0.3577891905111274,0.10320371729029103,0.06823184152604549,0.2677916360968452
220900,39891,1755,3036.252501941264,6.7,528,138,19.772079772079778,417,11.300000000000004,36.2,28.5,224,268,45.52845528455284,54.47154471544715,141,0.30085470085470084,0.07863247863247863,0.08034188034188035,0.2376068376068376
221000,31464,4214,4381.321794297208,5.3,1428,480,12.743236829615569,967,8.3,31.7,35.9,573,532,51.85520361990951,48.14479638,319,0.3388704318936877,0.11390602752728998,0.0757000474608448,0.2294731846226863
221100,29175,3694,3123.2056548345613,2.0,1104,286,7.011369788846779,902,8.899999999999995,26.6,36.7,614,367,62.589194699286445,37.410805300713555,355,0.29886302111532215,0.07742284786139686,0.09610178668110449,0.2441797509474824
221200,43706,6473,6705.646969930762,1.6,2164,664,10.118955661980534,1530,3.900000000000003,40.0,32.8,990,684,59.13978494623656,40.86021505376344,497,0.33431175652711265,0.10257994747412329,0.07678047273289047,0.23636644523404912
221300,46532,9917,7485.535600752916,2.9,2992,562,13.300393264091964,2514,4.8,34.9,26.5,1679,842,66.60055533518445,33.39944466481555,706,0.3017041443985076,0.056670364021377435,0.07119088434002219,0.2535040838963396
221400,34639,5991,7685.303500716935,2.6,1582,463,4.7404439993323315,1160,6.2000000000000055,26.0,25.0,719,1082,39.92226540810661,60.07773459189339,379,0.2640627608078785,0.07728259055249541,0.06326155900517443,0.19362376898681355
221500,30556,8398,9622.412908,3.2,3229,987,20.13574660633484,2146,5.399999999999997,34.4,42.5,821,1880,30.396149574231767,69.60385042576823,387,0.38449630864491546,0.11752798285306025,0.04608240057156466,0.25553703262681593
221600,49071,9403,4225.2943691656155,2.8,2952,893,8.529192810805062,2061,5.499999999999997,30.3,27.7,1848,595,75.64469914040114,24.355300859598856,873,0.31394235882165267,0.09496969052430075,0.09284270977347656,0.21918536637243433
221700,43096,7898,3838.643516970518,2.4,2593,828,4.190934413775639,1829,4.799999999999997,20.7,21.2,1562,715,68.59903381642512,31.40096618357488,590,0.3283109648012155,0.10483666751076222,0.07470245631805521,0.23157761458597112
221800,30469,4091,3371.3467582597277,0.0,1672,440,7.870936201417746,1242,6.5,23.9,41.2,648,432,60.0,40.0,202,0.40870202884380347,0.10755316548521145,0.04937668051821071,0.30359325348325594
221900,43438,5151,5008.716055662186,5.3,1513,418,0.23296447291788,1002,3.299999999999997,29.6,24.3,718,590,54.89296636085626,45.10703363914373,307,0.29372937293729373,0.08114929139972821,0.05960007765482431,0.1945253348864298
222000,37467,2327,5302.306372252327,4.7,642,153,18.564675547915773,562,8.600000000000003,32.3,28.4,392,168,70.0,30.0,161,0.2758917060593038,0.06574989256553503,0.06918779544477868,0.2415126772668672
222100,29983,5527,6264.675564994308,6.2,1767,369,3.6728785959833545,1408,5.499999999999995,28.0,37.9,936,471,66.52452025586354,33.47547974413646,475,0.31970327483263977,0.0667631626560521,0.08594174054640855,0.2547494119775647
222200,34917,3609,3117.9295935661885,3.2,859,262,14.491548905513993,626,11.999999999999996,27.2,29.3,515,492,51.14200595829196,48.85799404170804,269,0.23801607093377666,0.07259628706012745,0.07453588251593239,0.17345525076198393
222300,43281,5036,2610.5444954637537,2.9,1756,685,5.460683081810961,1119,5.399999999999997,33.7,31.1,820,399,67.26825266611976,32.73174733388023,211,0.34868943606036534,0.13602065131056393,0.04189833200953137,0.22220015885623512
222401,37266,3423,1750.416913,3.1,1055,300,4.177621969033012,717,8.100000000000003,35.6,30.7,527,387,57.65864332603938,42.34135667396061,155,0.3082091732398481,0.0876424189307625,0.04528191644756062,0.20946538124452235
222402,47904,6061,3853.8494885536056,1.7,2066,634,9.453885497442666,1467,9.999999999999996,25.6,29.6,864,507,63.01969365426696,36.98030634573304,490,0.34086784359016664,0.10460320079194853,0.08084474509156905,0.2420392674476159
222501,25057,3834,10920.377287585125,0.3,1470,332,10.980699008868022,1200,1.3000000000000025,24.2,41.0,287,769,27.178030303030305,72.8219697,190,0.38341158059467917,0.08659363588941053,0.0495565988523735,0.3129890453834116
222502,48068,4041,3061.5987578706686,1.8,1235,254,14.600346448898788,972,13.199999999999994,24.0,21.1,826,257,76.26962142,23.73037857802401,295,0.30561742143033904,0.06285572878000495,0.07300173224449394,0.24053452115812918
222503,32813,7729,11750.13602846214,5.6,2779,1019,10.35062751,1764,4.3000000000000025,29.6,37.0,673,1261,34.79834539813857,65.20165460186142,344,0.35955492301720793,0.13184111786777072,0.044507698279208176,0.2282313365247768
222600,26790,5062,5003.142011729898,6.1,1735,680,28.07190833662584,1032,5.999999999999993,35.2,37.0,9,1961,0.4568527918781726,99.54314720812182,301,0.3427499012248123,0.13433425523508494,0.05946266297905966,0.20387198735677597
222700,21371,6011,2195.5190307615153,11.1,2251,668,83.76310098153385,1593,2.6000000000000085,30.7,44.2,257,1996,11.407012871726586,88.59298712827342,424,0.3744801197804026,0.11112959574114124,0.07053734819497588,0.26501414074197305
222800,31990,3134,1203.5173831607715,2.8,1084,314,4.786215698787492,750,10.399999999999997,19.1,39.6,496,322,60.63569682151589,39.36430317848411,166,0.34588385449904274,0.1001914486279515,0.052967453733248245,0.2393107849393746
222900,52758,8011,3563.273859677205,1.7,2764,520,15.16664586193983,2321,5.0,33.3,26.3,1563,442,77.95511221945137,22.044887780548628,878,0.3450255898140057,0.0649107477218824,0.10959930096117838,0.28972662588940207
223001,50670,4217,3480.432729059728,2.9,1453,334,14.062129475930757,1069,4.1,28.7,31.9,589,460,56.14871306,43.85128694,246,0.3445577424709509,0.0792032250414987,0.05833530946170263,0.253497747213659
223002,26093,3868,13531.756603118522,2.1,1208,356,15.046535677352638,863,4.199999999999999,20.3,41.2,527,726,42.05905826017558,57.940941739824424,441,0.31230610134436404,0.09203722854188211,0.1140124095139607,0.2231127197518097
223100,59342,2313,1252.932619,6.2,710,103,31.21487246000865,641,18.300000000000004,31.0,22.1,483,127,79.18032786885246,20.81967213114754,161,0.3069606571552097,0.04453091223519239,0.06960657155209685,0.2771292693471682
230100,35234,1229,2338.812977396878,6.6,194,45,78.43775427176566,145,3.1000000000000085,35.5,20.0,159,352,31.115459882583167,68.88454011741683,222,0.15785191212367777,0.03661513425549227,0.18063466232709519,0.11798209926769732
230200,31368,5347,1779.398727006836,13.2,1374,167,78.56742098372919,1154,3.299999999999997,38.6,21.6,1006,767,56.73998871968416,43.26001128031584,742,0.25696652328408454,0.031232466803815223,0.13876940340377783,0.21582195623714232
230300,32431,2460,3653.137759544245,20.7,671,270,72.84552845528455,443,2.4000000000000057,34.0,30.1,517,318,61.91616766467066,38.08383233532934,224,0.2727642276422764,0.10975609756097561,0.0910569105691057,0.18008130081300813
230400,29120,3319,2991.0360281383187,6.7,728,126,49.53299186501958,649,6.200000000000003,30.7,36.5,416,685,37.78383287920072,62.21616712079927,441,0.21934317565531786,0.03796324194034348,0.13287134679120216,0.1955408255498644
230500,35750,3640,2724.9553317499003,5.9,967,271,17.36263736263736,662,6.699999999999999,30.8,30.9,709,405,63.64452423698385,36.35547576301616,353,0.26565934065934066,0.07445054945054945,0.09697802197802198,0.18186813186813186
230600,31081,2728,3261.8761139858448,15.7,752,146,60.11730205278592,572,0.1000000000000014,30.9,35.0,551,365,60.15283843,39.84716157,402,0.2756598240469208,0.053519061583577714,0.14736070381231672,0.20967741935483872
230700,25313,2763,2652.5312791590936,15.1,884,270,69.99638074556641,641,2.200000000000003,37.7,34.1,406,577,41.30213631739573,58.697863682604265,371,0.3199420919290626,0.09771986970684039,0.13427433948606587,0.23199420919290625
230800,31250,2317,3241.133470228814,16.4,535,136,71.04013810962452,419,-0.3,40.0,23.0,480,276,63.49206349206349,36.507936507936506,582,0.23090202848511004,0.0586965904186448,0.25118687958567115,0.18083728959861892
230900,22227,4107,1672.839035,13.6,1068,314,80.81324567811055,813,1.2999999999999972,35.0,43.2,617,981,38.61076345,61.38923655,477,0.26004382761139516,0.07645483321158997,0.11614317019722425,0.197954711468225
231000,43193,4677,2935.800426599484,15.7,1150,158,58.90528116313877,1079,7.299999999999997,41.8,17.5,1025,374,73.26661901358112,26.73338098641887,656,0.24588411374812913,0.0337823391062647,0.14026085097284585,0.23070344237759247
231100,40389,5010,1160.8323745900582,10.4,1865,467,36.946107784431135,1400,7.400000000000006,27.5,24.2,971,493,66.32513661202186,33.67486338797814,437,0.3722554890219561,0.09321357285429142,0.08722554890219561,0.27944111776447106
231200,36646,7450,1381.520888745673,10.6,2386,444,72.71140939597316,1882,5.5,42.0,18.1,1073,1119,48.950729927007295,51.049270072992705,708,0.32026845637583895,0.05959731543624161,0.09503355704697987,0.2526174496644295
231300,37792,4496,2420.2876629779576,9.7,1055,303,70.52935943060498,806,0.3999999999999915,38.2,30.0,919,576,61.47157190635452,38.52842809364548,624,0.23465302491103202,0.0673932384341637,0.1387900355871886,0.17927046263345195
231400,40641,2837,2185.300260976075,11.7,675,256,94.25449418399718,469,0.7999999999999972,42.4,23.8,616,348,63.90041493775933,36.09958506224066,594,0.23792738808600636,0.09023616496298907,0.2093761015156856,0.16531547409235106
231500,30658,3000,6701.899760047192,13.1,772,185,88.4,542,-1.5,38.9,35.9,550,388,58.63539445628998,41.36460554371002,598,0.25733333333333336,0.06166666666666667,0.19933333333333333,0.18066666666666667
231600,46024,3350,5212.680151,8.5,817,159,68.62686567,693,0.9000000000000057,39.1,15.2,842,179,82.46816846229187,17.53183153770813,631,0.24388059701492537,0.04746268656716418,0.18835820895522387,0.20686567164179104
231700,30393,3640,2228.9807053655613,5.2,1231,379,9.010989010989013,823,3.5,25.8,39.6,729,343,68.00373134328358,31.99626865671642,260,0.3381868131868132,0.10412087912087913,0.07142857142857142,0.2260989010989011
231800,42321,3091,2836.1006445448397,10.6,974,332,33.71077321255257,708,3.2000000000000064,29.7,24.1,580,276,67.75700935,32.242990654205606,402,0.31510837916531864,0.1074086056292462,0.1300549983824005,0.22905208670333224
231900,41458,7696,2204.6081927594087,17.8,1879,669,67.35966735966737,1221,1.0,38.9,18.5,1458,785,65.00222915737851,34.99777084262149,1272,0.24415280665280664,0.08692827442827443,0.1652806652806653,0.15865384615384615
232000,48531,4420,695.4463999291629,10.7,1256,250,44.230769230769226,1010,0.7999999999999972,28.2,20.2,1000,326,75.41478129713424,24.58521870286576,614,0.2841628959276018,0.05656108597285068,0.13891402714932127,0.22850678733031674
232100,35824,3590,2875.8766218680444,2.0,1222,406,28.63509749303621,835,5.899999999999999,36.9,30.8,494,482,50.614754098360656,49.385245901639344,249,0.3403899721448468,0.11309192200557103,0.06935933147632312,0.23259052924791088
232200,66498,16474,2132.7814628770684,3.3,4160,1525,43.51098700983368,2710,36.099999999999994,21.4,11.6,3321,2905,53.340828782524895,46.659171217475105,762,0.2525191210392133,0.09257011047711546,0.04625470438266359,0.16450163894621828
232301,47302,12938,1294.7342844027748,6.1,5301,1275,37.687432369763485,3986,12.0,38.2,21.6,1902,1698,52.83333333333333,47.16666666666667,544,0.4097232957180399,0.09854691606121503,0.04204668418611841,0.3080847117019632
232302,69185,12014,2600.1953737111376,7.6,3701,1250,42.03429332,2489,6.399999999999999,31.5,11.4,2382,759,75.83572110792741,24.164278892072588,664,0.30805726652239057,0.10404528050607624,0.0552688530048277,0.20717496254369902
232401,62730,9255,1631.8990414258533,11.1,2620,479,37.622906537007026,2333,13.999999999999996,24.5,13.3,1971,581,77.23354231974922,22.766457680250785,480,0.2830902215018909,0.0517558076715289,0.05186385737439222,0.25207995678011885
232402,54051,4121,7532.933703736268,11.9,1220,176,40.81533608347488,1034,14.8,30.9,14.9,713,595,54.510703363914374,45.489296636085626,376,0.2960446493569522,0.04270808056297015,0.09123999029361805,0.25090997330744963
232403,46346,4674,5917.316575881032,4.2,1311,360,31.57894736842105,987,5.999999999999993,34.5,18.9,680,794,46.13297150610583,53.86702849389417,334,0.2804878048780488,0.07702182284980745,0.07145913564398802,0.21116816431322208
232500,39316,4060,911.6191537660744,1.9,880,293,29.852216748768473,602,14.0,34.2,21.8,478,449,51.56418554476807,48.43581445523193,494,0.21674876847290642,0.07216748768472907,0.12167487684729064,0.1482758620689655
232600,60650,3138,1327.9537096292931,7.5,878,215,13.511790949649455,592,15.199999999999998,27.6,18.0,722,175,80.49052396878483,19.50947603121516,386,0.27979604843849587,0.06851497769279796,0.12300828553218611,0.18865519439133205
232701,32226,7825,4341.792964494982,10.0,2438,892,25.54632587859425,1584,3.999999999999997,24.1,30.4,827,1652,33.36022589753933,66.63977410246066,468,0.31156549520766774,0.11399361022364217,0.05980830670926517,0.20242811501597444
232702,37920,5334,3056.706907357331,6.4,1610,457,37.15785526809149,1271,8.8,34.1,24.9,312,1566,16.61341853035144,83.38658146964856,469,0.30183727034120733,0.08567679040119985,0.08792650918635171,0.23828271466066742
232800,45000,5464,6937.650614010965,4.3,1714,352,39.549780380673496,1329,8.100000000000001,33.1,12.5,706,1384,33.77990431,66.22009569,216,0.3136896046852123,0.06442166910688141,0.03953147877013177,0.24322840409956076
232900,46875,7278,5703.556798440533,8.5,1846,595,53.929651003022805,1311,12.799999999999995,33.6,11.1,1001,1936,34.08239700374532,65.91760299625467,587,0.25364111019510854,0.08175322890904095,0.08065402583127233,0.18013190436933224
233001,44542,4161,11398.445595535568,4.9,1455,515,46.431146359048306,1150,16.9,36.5,17.1,465,853,35.28072837632777,64.71927162367223,292,0.34967555875991346,0.12376832492189377,0.07017543859649122,0.27637587118481133
233002,83767,4992,7491.788241453763,8.3,1248,157,49.01842948717949,1197,20.0,20.7,5.0,1104,205,84.33919022154316,15.66080977845684,453,0.25,0.03145032051282051,0.0907451923076923,0.23978365384615385
233003,77616,2555,6555.727053,4.7,656,199,17.10371819960861,451,30.9,29.9,10.1,732,68,91.5,8.5,462,0.25675146771037183,0.07788649706457926,0.18082191780821918,0.17651663405088064
233101,35246,4458,6658.953672425498,6.2,1439,314,15.186182144459398,1207,15.3,30.1,30.7,520,697,42.72801972062449,57.27198027937551,266,0.32279048900852403,0.07043517272319426,0.059668012561686856,0.27074921489457154
233102,35486,7115,7532.720268222351,6.3,2738,708,5.354884047786366,1932,10.900000000000006,25.4,39.0,923,883,51.10741971207088,48.89258028792913,247,0.3848208011243851,0.09950808151791989,0.03471539002108222,0.27153900210822207
233103,38025,5550,8810.957869838187,10.2,2124,598,4.036036036036036,1591,9.399999999999997,29.1,41.1,666,882,43.02325581395349,56.97674418604651,259,0.3827027027027027,0.10774774774774774,0.04666666666666667,0.2866666666666667
233200,53611,6590,5360.601161013641,9.2,2160,734,7.769347496206373,1340,15.700000000000006,36.2,10.7,1309,457,74.12231030577576,25.877689694224237,486,0.3277693474962064,0.11138088012139606,0.07374810318664643,0.20333839150227617
233300,47031,4263,949.4065386781948,4.8,1213,263,10.2275392915787,996,6.599999999999994,27.0,23.4,663,598,52.57731958762887,47.42268041237113,390,0.28454140276800377,0.061693642974431154,0.09148486980999296,0.23363828289936664
233400,34412,2554,2535.038097553046,6.2,623,190,15.661707126076744,417,10.400000000000006,31.2,25.3,366,592,38.20459290187891,61.79540709812108,268,0.24393108848864525,0.07439310884886452,0.10493343774471417,0.16327329678935004
233500,48280,8113,7534.475633329815,10.3,2265,602,8.147417724639467,1653,9.299999999999994,24.9,20.5,1723,530,76.47581003106968,23.524189968930315,799,0.2791815604585234,0.07420189818809318,0.09848391470479477,0.20374707259953162
233600,27450,2207,1448.639544041629,6.7,781,195,51.064793837788855,540,1.7999999999999972,30.0,38.0,514,266,65.8974359,34.1025641,202,0.3538740371545084,0.0883552333484368,0.0915269596737653,0.24467603081105574
233701,39492,5414,1877.2537099997944,5.9,1623,272,25.08311784263022,1344,11.200000000000006,28.5,36.7,913,510,64.16022487702038,35.839775122979624,484,0.2997783524196527,0.05024011821204285,0.0893978574067233,0.24824528998891762
233702,49013,3036,3152.830750864308,9.8,1132,322,17.193675889328063,881,3.2999999999999945,27.2,26.0,414,337,55.12649800266311,44.87350199733689,230,0.37285902503293805,0.10606060606060606,0.07575757575757576,0.2901844532279315
233703,58243,2510,848.5630523,3.9,727,169,14.46215139442231,574,12.600000000000003,40.1,16.8,480,194,71.21661721,28.783382789317507,177,0.2896414342629482,0.06733067729083665,0.07051792828685259,0.22868525896414343
240100,30945,3959,2857.4267211906895,10.0,1370,311,40.99520080828492,1012,19.1,26.7,27.2,78,1405,5.259608900876602,94.7403911,105,0.3460469815610003,0.07855519070472342,0.026521848951755495,0.2556201060873958
240400,46136,8300,1023.0777253547532,2.4,3035,598,34.27710843373494,2301,18.8,23.5,28.4,1687,691,70.94196804037006,29.058031959629943,836,0.36566265060240966,0.07204819277108433,0.10072289156626506,0.2772289156626506
240501,31743,6668,5257.791711805442,4.7,2304,716,44.64607078584283,1496,5.5,24.4,26.5,334,2008,14.26131511528608,85.73868488471392,196,0.34553089382123575,0.10737852429514097,0.029394121175764846,0.22435512897420515
240502,24930,5979,24119.78497592915,3.0,2464,1206,37.798963037297206,1359,2.4000000000000057,37.2,32.2,94,2002,4.484732824427481,95.51526717557252,218,0.4121090483358421,0.2017059708981435,0.03646094664659642,0.22729553437029604
240600,26169,2790,2955.4113091680174,6.1,1032,284,37.992831541218635,732,0.5,27.7,53.0,6,1021,0.5842259006815969,99.4157741,67,0.36989247311827955,0.1017921146953405,0.024014336917562724,0.2623655913978495
240701,49885,14085,4921.808421189888,3.4,3854,772,46.95775647852325,3405,10.6,31.3,14.8,2831,2011,58.46757538207352,41.53242461792648,378,0.2736244231451899,0.05481008164714235,0.0268370607028754,0.2417465388711395
240702,60166,14051,3537.1637580495576,8.5,5145,1530,50.37363888691196,3703,13.900000000000006,27.3,12.1,2729,1285,67.98704534130543,32.01295465869457,728,0.3661661091737243,0.10888904704291509,0.05181125898512561,0.2635399615685716
240801,35431,5448,4794.408085427081,1.8,1226,411,51.28487518,753,20.700000000000003,33.2,16.3,496,2154,18.71698113207547,81.28301886792453,487,0.2250367107195301,0.07544052863436124,0.0893906020558003,0.138215859030837
240802,55103,6859,1445.4651977757303,5.5,2246,731,55.08091559,1664,16.799999999999997,30.2,13.2,1090,1206,47.47386759581882,52.52613240418118,484,0.3274529814841814,0.10657530252223356,0.07056422218982358,0.2426009622393935
240901,75213,11399,5067.836819266237,3.7,3794,1004,45.407491885253094,2568,18.0,28.8,5.3,2415,971,71.32309509746013,28.676904902539867,636,0.3328362137029564,0.08807790157031319,0.05579436792701114,0.22528291955434687
240902,67007,16658,3527.029037672664,3.2,5116,1536,46.69828310721576,3445,22.1,21.4,8.7,4169,951,81.42578125,18.57421875,1280,0.3071197022451675,0.09220794813302917,0.07683995677752431,0.2068075399207588
241000,52891,9370,1379.714440251979,6.4,2453,604,38.14300960512273,1965,45.400000000000006,38.1,10.6,2153,876,71.07956421261143,28.920435787388577,1022,0.26179295624332977,0.06446104589114195,0.10907150480256136,0.2097118463180363
241101,71533,5019,6351.896043,5.0,1316,243,33.213787607093046,1118,43.900000000000006,32.7,10.7,1340,271,83.17815021725636,16.821849782743637,318,0.26220362622036264,0.0484160191273162,0.06335923490735207,0.22275353656106794
241102,72135,12773,5017.9072996708255,4.7,3374,871,45.68229859860644,2524,33.9,31.7,7.1,2670,1581,62.80875088214538,37.191249117854625,797,0.2641509433962264,0.06819071478900807,0.062397244186956864,0.19760432161590855
241103,48410,4328,3978.879881272578,6.0,1194,351,31.862292051756008,870,37.7,27.8,13.7,778,809,49.023314429741646,50.976685570258354,204,0.27587800369685767,0.08109981515711645,0.04713493530499076,0.2010166358595194
241200,55727,8151,4203.753607254199,8.4,2195,518,41.82308919151024,1553,34.900000000000006,26.1,9.9,1834,932,66.30513377,33.69486623282719,573,0.2692921113973746,0.06355048460311619,0.07029812292970188,0.1905287694761379
241300,96747,12064,1813.162100276457,3.7,3007,914,38.00563660477454,2183,56.7,18.0,6.7,3314,744,81.66584524396254,18.334154756037456,1313,0.24925397877984085,0.07576259946949603,0.10883620689655173,0.18095159151193635
241400,80605,9796,2291.554442207141,2.9,2413,666,22.754185381788485,1843,60.3,26.8,14.1,2191,1095,66.67681071211199,33.32318928788801,1176,0.24632503062474478,0.06798693344222131,0.12004899959167006,0.18813801551653736
241500,44014,7911,612.7375833,7.8,2030,725,53.30552395398812,1322,16.0,31.1,15.5,776,2388,24.52591656131479,75.47408343868521,403,0.2566047275944887,0.09164454556946025,0.0509417267096448,0.1671090886107951
250100,80191,9412,1713.480699186098,7.7,2208,651,53.591160220994475,1487,20.5,32.6,3.9,2358,333,87.62541806020067,12.37458193979933,598,0.23459413514662134,0.06916702082447938,0.06353591160220995,0.15798980025499362
250200,64856,11011,4757.449372124418,3.9,4140,943,54.45463627281809,3363,12.4,24.9,18.6,1889,1180,61.550993809058326,38.449006190941674,508,0.37598764871492146,0.08564163109617655,0.04613568249931886,0.30542185087639634
250301,64966,11976,2636.7133987297425,4.4,2576,862,57.331329325317306,1872,19.5,31.6,11.5,1694,1476,53.4384858,46.5615142,140,0.21509686038744155,0.07197728790915163,0.01169004676018704,0.156312625250501
250302,82250,11641,6008.572266,2.3,3316,754,36.15668756979641,2863,36.8,22.9,4.3,2948,775,79.18345420359924,20.81654579640075,792,0.28485525298513875,0.06477106777768232,0.06803539214844086,0.24594107035478052
250401,98721,12679,6996.047676144159,6.3,4047,817,28.014827667797142,3198,46.50000000000001,18.3,7.8,3382,464,87.93551742069683,12.064482579303172,955,0.3191892105055604,0.064437258458869,0.07532139758656045,0.2522280936982412
250402,120197,22829,2654.0159597192583,2.1,7097,2774,28.07832143326471,4507,54.7,16.8,5.8,6191,1298,82.66791293897717,17.332087061022833,1703,0.31087651671120065,0.12151211178763853,0.07459809890928205,0.19742432870471768
250500,71651,6410,3639.1411263141335,5.7,1919,547,33.21372854914196,1382,52.1,28.5,10.1,1242,934,57.07720588235294,42.92279411764706,475,0.29937597503900154,0.08533541341653667,0.07410296411856475,0.215600624024961
250600,31224,7799,1418.3341298649189,5.5,2202,899,39.99230670598794,1322,23.1,38.0,22.3,771,2569,23.08383233532934,76.91616766467065,1002,0.28234389024233875,0.11527118861392487,0.12847801000128223,0.1695089113988973
250701,81296,5777,757.5798619728204,7.8,1381,464,22.05296866885927,981,57.599999999999994,22.4,4.6,1659,287,85.25179856115108,14.748201438848922,588,0.239051410766834,0.08031850441405573,0.10178293231781202,0.16981132075471697
250702,110769,4759,4105.624461020324,8.1,1291,130,28.325278419836096,1204,63.6,18.8,7.3,1473,153,90.59040590405904,9.409594096,646,0.2712754780416054,0.027316663164530363,0.13574280310989703,0.2529943265391889
250800,108583,8912,2134.985428754394,1.3,2483,368,16.853680430879713,2086,82.6,14.5,3.5,2470,544,81.95089581950896,18.04910418049104,1202,0.27861310592459604,0.04129263913824058,0.13487432675044883,0.23406642728904847
250900,143825,9617,1482.648245979687,4.3,2270,285,6.582094208173027,2153,87.6,9.5,1.0,2648,739,78.18128137,21.818718630056097,1595,0.2360403452220027,0.02963502131641884,0.16585213684101072,0.22387438910263074
251000,95956,2693,739.6245969635065,5.5,520,74,19.569253620497587,433,73.1,12.5,8.8,649,492,56.87992988606485,43.12007011393514,484,0.19309320460453028,0.027478648347567768,0.17972521351652432,0.16078722614184923
251100,82965,7077,1638.315204582326,7.5,1528,308,18.41175639395224,1305,73.6,24.2,5.9,2480,299,89.24073407700611,10.759265922993883,1329,0.2159106966228628,0.043521266073194856,0.18779143704959728,0.18440016956337432
251200,67399,6889,5119.833387,12.1,2199,603,16.99811293366236,1658,70.10000000000001,19.2,14.5,1853,422,81.45054945054945,18.54945054945055,1187,0.3192045289592103,0.08753084627667296,0.17230367252141093,0.24067353752358833
251300,95580,7054,2795.0002608990494,7.2,1781,380,9.101219166430392,1471,83.60000000000001,12.5,2.8,2215,302,88.00158919,11.998410806515691,1375,0.25248086192231356,0.053870144598809185,0.1949248653246385,0.20853416501275873
251401,111111,2987,6422.896741396343,5.8,913,178,16.60528959,764,72.5,17.2,9.2,701,205,77.37306843267108,22.626931567328917,182,0.30565785068630735,0.05959156344158018,0.06093069969869434,0.25577502510880484
251402,66553,6266,6078.9424603696925,3.0,1861,319,10.05426109160549,1446,74.3,21.9,13.9,1574,639,71.12516945323091,28.874830546769093,644,0.2969996808171082,0.05090967124162145,0.10277689115863389,0.23076923076923078
251501,134283,6002,836.5368926190195,3.1,2006,460,18.610463178940353,1455,87.9,10.3,2.3,1717,42,97.61227970437749,2.3877202956225125,415,0.33422192602465844,0.07664111962679107,0.06914361879373541,0.24241919360213263
251502,143169,9303,4423.080600108514,4.5,2390,431,8.502633559066968,2035,85.4,9.1,1.0,2990,187,94.11394397230092,5.886056027699087,1509,0.2569063742878641,0.04632914113726755,0.16220574008384392,0.21874664086853704
251503,117708,2402,6695.611984970397,3.9,700,135,15.695253955037469,546,82.2,9.7,5.5,730,57,92.75730622617534,7.242693773824651,239,0.29142381348875934,0.05620316402997502,0.09950041631973355,0.2273105745212323
251600,92029,6605,283.80279278765727,4.1,1808,369,3.4973504920514764,1503,75.30000000000001,21.3,5.6,1821,266,87.25443219932917,12.74556780067082,705,0.2737320211960636,0.0558667676003028,0.10673732021196064,0.227554882664648
251700,45585,8501,274.8677817907396,3.0,2389,673,5.952240912833784,1698,77.3,32.8,12.6,2119,910,69.95708154506438,30.042918454935624,1048,0.2810257616750971,0.07916715680508175,0.12327961416303965,0.1997412069168333
251800,84750,2047,145.54787097953275,4.1,453,186,2.784562774792379,291,67.2,34.8,4.5,590,90,86.76470588235294,13.23529411764706,283,0.22129946262823644,0.09086468001954079,0.13825109916951636,0.14215925744992672
251901,79382,10887,537.2649166933217,5.8,2717,1017,11.00394966473776,1954,69.2,31.8,7.5,3275,505,86.64021164021165,13.35978835978836,850,0.24956369982547993,0.09341416368145494,0.0780747680720125,0.17948011389730872
251902,98445,6233,923.5547770592505,3.8,1432,381,19.300497352799617,1014,71.5,28.3,3.8,1881,384,83.04635761589404,16.95364238410596,827,0.22974490614471363,0.06112626343654741,0.13268089202631156,0.16268249639018129
252000,128209,21439,990.8915995330444,5.6,6123,2087,37.893558468212134,4151,45.39999999999999,16.2,2.2,5780,1013,85.08759016634771,14.91240983365229,701,0.28560100750967865,0.09734595830029386,0.03269742058864686,0.19361910536872057
252100,72955,2392,247.41986141439284,2.9,537,215,21.989966555183944,365,26.5,31.4,17.1,684,76,90.0,10.0,248,0.2244983277591973,0.0898829431438127,0.10367892976588629,0.15259197324414717
252200,62810,9953,1187.0672467665324,8.6,3566,1237,32.18125188385411,2146,21.4,24.9,8.0,2027,1076,65.32388011601675,34.67611988398324,425,0.35828393449211293,0.1242841354365518,0.042700693258314076,0.21561338289962825
252301,64914,9270,8769.661245856503,5.5,2720,565,42.15749730312837,2202,10.6,38.7,5.5,2001,553,78.34768989819891,21.652310101801095,507,0.29341963322545844,0.06094929881337648,0.05469255663430421,0.23754045307443367
252302,76070,14935,5034.301073000482,7.5,4982,1267,27.72012052226314,3986,10.500000000000009,29.5,12.7,3340,869,79.35376574008079,20.646234259919225,776,0.3335788416471376,0.08483428188818212,0.05195848677602946,0.26688985604285237
252400,61875,6461,3143.0603532764617,7.6,1933,451,6.902956198730846,1373,34.0,32.4,20.8,1331,683,66.08738828202581,33.91261171797418,769,0.29917969354589075,0.0698034360006191,0.11902182324717536,0.21250580405509983
252500,49559,4208,268.6729409907101,5.8,1267,260,4.063688212927756,997,27.4,39.3,26.2,799,575,58.15138282387191,41.848617176128094,271,0.30109315589353614,0.06178707224334601,0.06440114068441065,0.2369296577946768
252600,50075,8851,595.1036769542669,11.1,3331,863,4.688735736,2477,25.799999999999997,29.5,29.6,1435,907,61.27241673783091,38.72758326216909,668,0.3763416563100215,0.09750310699356005,0.07547169811320754,0.2798553835724777
252700,40530,4101,224.1687121474034,4.8,1148,385,14.923189465983908,727,58.9,33.0,17.4,909,671,57.53164556962025,42.46835443037975,567,0.27993172396976346,0.09387954157522556,0.13825896122896855,0.1772738356498415
252800,61058,7056,284.33934964059125,8.6,1687,502,48.03004535147392,1199,30.700000000000003,30.7,19.7,1741,638,73.18200924758301,26.817990752416986,790,0.2390873015873016,0.07114512471655329,0.11196145124716553,0.16992630385487528
252900,63229,8908,1252.778215530179,11.5,2193,645,13.650651100134713,1615,54.7,27.3,11.2,2505,644,79.54906319466497,20.450936805335022,1187,0.24618320610687022,0.07240682532555007,0.13325101032779524,0.18129770992366412
253000,46250,4466,668.7758293952044,8.4,1366,437,37.81907747424989,1007,28.1,31.3,23.9,915,601,60.35620052770449,39.64379947229551,447,0.3058665472458576,0.09785042543663233,0.10008956560680698,0.22548141513658754
253100,113791,12358,1094.9411898917822,4.6,3733,1095,27.027027027027028,2855,32.400000000000006,28.5,2.5,3229,397,89.05129619415334,10.948703805846662,647,0.3020715326104548,0.08860657064249879,0.05235474995954038,0.23102443761126396
253200,83355,10019,705.0677078,6.2,2908,792,21.299530891306517,2117,53.8,29.5,14.3,2398,964,71.32659131469363,28.673408685306367,1214,0.29024852779718535,0.07904980536979739,0.1211697774228965,0.21129853278770336
253300,85657,3513,422.8516148544105,9.6,983,306,23.598064332479364,683,52.1,19.9,5.5,1098,83,92.97205757832346,7.027942421676546,572,0.2798178195274694,0.08710503842869342,0.1628237973242243,0.19442072302875035
253400,44083,623,122.5306808839788,7.2,118,15,12.038523274478331,84,66.30000000000001,33.5,17.1,106,95,52.736318407960205,47.26368159,226,0.18940609951845908,0.024077046548956663,0.36276083467094705,0.1348314606741573
253500,56155,9816,4324.290646,12.1,3199,1095,42.28810105949471,2143,33.2,29.7,25.0,1419,1802,44.054641415709405,55.945358584290595,866,0.3258964955175224,0.11155256723716381,0.08822330888345559,0.21831703341483294
253600,45658,6647,3077.8929856125583,4.6,1306,442,30.01353994283135,884,34.0,28.5,19.4,617,2085,22.834937083641744,77.16506291635825,793,0.19647961486384835,0.06649616368286446,0.11930194072513917,0.1329923273657289
253700,58105,5813,3694.332429544637,12.7,1646,548,34.027180457595044,1070,34.099999999999994,26.6,10.1,765,1192,39.09044455799693,60.90955544200306,786,0.28315843798382934,0.0942714605195252,0.13521417512472045,0.18407018751075177
253800,62255,8037,2756.180275332725,10.6,2387,493,16.735100161751898,1817,40.0,28.1,11.3,1848,784,70.21276596,29.78723404255319,933,0.2970013686699017,0.061341296503670525,0.11608809257185516,0.22607938285429888
253900,53178,3854,2194.0778358517086,7.8,824,236,19.667877529839128,616,58.99999999999999,22.8,12.2,744,822,47.509578544061306,52.490421455938694,526,0.21380384016606124,0.06123508043591074,0.13648157758173327,0.15983393876491955
254000,52962,4032,3828.6124449697018,5.8,1238,341,31.820436507936503,909,43.900000000000006,26.7,12.2,570,845,40.282685512367486,59.717314487632514,461,0.3070436507936508,0.0845734126984127,0.11433531746031746,0.22544642857142858
254100,43026,5184,4163.073549660443,6.9,1671,673,29.99614197530864,1047,25.4,26.5,19.8,805,847,48.728813559322035,51.271186440677965,594,0.32233796296296297,0.12982253086419754,0.11458333333333333,0.2019675925925926
254200,52292,2620,5385.839108614519,9.7,659,177,25.267175572519086,499,16.900000000000002,24.6,21.1,500,296,62.81407035,37.185929648241206,289,0.2515267175572519,0.06755725190839694,0.11030534351145038,0.19045801526717557
254300,48602,5138,4297.401440889931,9.4,1553,356,29.116387699493966,1101,23.6,37.8,23.9,954,854,52.76548672566371,47.23451327433628,372,0.30225768781627094,0.06928766056831452,0.0724017127286882,0.21428571428571427
254400,38043,2971,2681.7054784292236,13.8,921,262,20.02692696061932,640,12.700000000000006,32.3,32.2,669,281,70.42105263157895,29.578947368421055,292,0.30999663412992257,0.08818579602827331,0.09828340626051835,0.21541568495456076
254500,48207,1887,706.3582427,14.5,425,111,43.29623741388448,326,6.699999999999999,34.2,18.1,376,219,63.193277310924366,36.806722689075634,261,0.22522522522522523,0.058823529411764705,0.1383147853736089,0.17276099629040806
254600,56509,3678,1190.592576457501,10.4,1088,316,33.41489940184883,771,17.200000000000006,28.0,18.7,861,292,74.67476149176062,25.32523850823938,343,0.29581294181620443,0.08591625883632409,0.09325720500271886,0.2096247960848287
254700,59565,2397,207.0332104408553,6.6,690,370,24.69753858990405,349,50.6,28.2,13.0,508,374,57.596371882086174,42.40362811791383,381,0.2878598247809762,0.1543596161869003,0.15894868585732166,0.14559866499791405
310100,70510,5346,4072.848013977868,8.4,888,323,52.712308267863826,576,27.799999999999997,16.5,34.2,887,1769,33.39608433734939,66.60391566,186,0.16610549943883277,0.06041900486344931,0.03479236812570146,0.10774410774410774
310200,134464,1912,2653.3759914408083,3.2,167,94,43.77615062761506,66,59.099999999999994,2.9,4.9,699,250,73.65648050579557,26.343519494204426,102,0.08734309623430962,0.049163179916317995,0.053347280334728034,0.034518828451882845
310300,44943,4840,5574.818729931344,6.5,918,267,36.239669421487605,673,22.8,24.0,20.3,844,1081,43.84415584415585,56.15584415584416,483,0.1896694214876033,0.05516528925619835,0.09979338842975206,0.1390495867768595
310400,31853,3430,5104.945148011804,3.5,903,213,23.96501457725947,663,4.600000000000003,26.9,43.7,613,655,48.34384858044164,51.65615141955836,528,0.26326530612244897,0.06209912536443149,0.15393586005830903,0.1932944606413994
310500,39928,4439,3640.376560124933,12.2,1098,346,25.32101824735301,637,5.999999999999997,26.3,26.2,583,792,42.4,57.599999999999994,631,0.2473530074341068,0.07794548321694075,0.14214913268754223,0.1435007884658707
310600,35122,5407,7887.780518841076,5.2,1213,317,28.925466987238764,775,12.299999999999995,23.2,23.4,1086,936,53.70919881305638,46.29080118694362,575,0.2243388200480858,0.058627704827076015,0.10634362862955428,0.1433327168485297
310700,51071,4582,6011.1340765207215,2.8,1378,349,32.84591881274553,1030,14.900000000000002,25.5,38.4,585,763,43.397626112759646,56.602373887240354,370,0.300742034046268,0.07616761239633348,0.08075076385857705,0.2247926669576604
310800,38856,2643,3545.1095676270093,4.9,597,161,36.05751040484298,492,10.6,31.2,21.0,257,739,25.803212851405625,74.19678714859438,174,0.22587968217934165,0.060915626182368524,0.06583427922814983,0.18615209988649262
310900,30421,5442,8045.104670891975,4.0,1482,574,31.587651598676956,912,5.800000000000006,27.7,39.0,685,1144,37.45215965008201,62.54784034991798,630,0.2723263506063947,0.10547592796765895,0.11576626240352811,0.16758544652701213
311000,29981,5754,6083.6847440148185,6.5,1386,250,24.62634688912061,1180,4.400000000000006,23.6,34.8,1052,1018,50.82125603864734,49.17874396135266,654,0.24087591240875914,0.04344803614876608,0.11366006256517205,0.20507473062217588
311100,38619,5304,5021.690830929648,4.1,1313,405,35.53921568627451,935,1.0,29.2,19.9,853,767,52.65432098765432,47.34567901234568,632,0.24754901960784315,0.07635746606334842,0.1191553544494721,0.1762820512820513
311200,39148,4922,4153.211131719657,5.7,1207,303,22.10483543275091,959,8.399999999999997,35.7,27.2,924,834,52.55972696245734,47.44027303754266,544,0.24522551808208046,0.06156034132466477,0.11052417716375457,0.19483949613978058
311300,48237,4915,8693.492186,3.1,1298,374,26.49033570701933,1017,4.500000000000003,39.8,22.3,971,460,67.85464709993012,32.14535290006988,533,0.26408952187182094,0.07609359104781281,0.10844354018311292,0.2069175991861648
311400,40179,1667,1645.9942070917398,11.3,507,101,56.508698260347934,399,0.4000000000000057,31.8,28.1,259,226,53.402061855670105,46.597938144329895,121,0.3041391721655669,0.060587882423515295,0.07258548290341932,0.2393521295740852
311500,52513,7543,8401.936421454391,6.2,2201,489,32.38764417,1748,3.300000000000003,30.0,18.5,1262,883,58.83449883449884,41.16550116550117,1016,0.29179371602810555,0.06482831764549914,0.13469441866631313,0.23173803526448364
311600,31542,3923,20690.392131347355,6.5,1191,384,58.06780525108336,807,4.499999999999997,27.7,34.8,11,1396,0.7818052594171997,99.21819474,131,0.3035941881213357,0.09788427224063218,0.03339281162375733,0.20570991588070353
311700,32159,5741,5412.691375150559,7.2,1848,611,29.803170179411257,1180,2.8000000000000007,27.4,35.3,609,1175,34.13677130044843,65.86322869955157,334,0.32189514021947396,0.10642745166347327,0.05817801776693956,0.20553910468559483
311800,39776,4585,4766.724424,6.1,1489,487,36.85932388222465,908,7.599999999999997,33.1,29.5,518,715,42.01135442011355,57.98864557988645,364,0.3247546346782988,0.10621592148309705,0.07938931297709924,0.1980370774263904
311900,52059,2454,3001.1230253724907,6.8,570,172,39.24205378973105,409,12.599999999999994,22.0,16.5,347,351,49.713467048710605,50.286532951289395,263,0.23227383863080683,0.07008964955175224,0.1071719641401793,0.16666666666666666
312000,66250,4570,6341.992210262803,7.7,250,35,53.91684901531729,180,53.2,8.1,12.7,392,204,65.77181208053692,34.22818791946309,336,0.05470459518599562,0.007658643326039387,0.07352297592997811,0.03938730853391685
312100,56250,4030,7804.787612817455,14.6,9,0,43.84615384615385,0,60.1,0.0,14.8,0,0,0.0,0.0,0,0.0022332506203473945,0.0,0.0,0.0
312200,26293,1939,4620.976959942335,9.4,447,101,93.45023207839093,288,2.5999999999999943,42.4,44.5,159,597,21.03174603174603,78.96825396825396,217,0.23053120165033522,0.05208870551830841,0.11191335740072202,0.14853017019082002
312300,39583,1965,3606.5087516890367,10.5,398,168,71.50127226463104,207,16.19999999999999,31.5,32.6,329,552,37.34392736,62.65607264,237,0.20254452926208652,0.08549618320610687,0.12061068702290076,0.10534351145038168
312400,21500,2056,4920.326052872536,18.4,473,234,90.02918287937743,258,1.7000000000000028,24.0,39.5,195,785,19.897959183673468,80.10204081632652,315,0.23005836575875485,0.11381322957198443,0.15321011673151752,0.1254863813229572
312500,99489,3470,5019.946736658053,6.7,244,140,38.32853026,101,61.5,12.4,21.1,848,835,50.38621509209744,49.61378490790256,145,0.07031700288184438,0.040345821325648415,0.04178674351585014,0.02910662824207493
312600,71023,8023,9601.047883472567,4.3,857,526,34.16427770160787,265,69.0,9.1,17.4,1083,2980,26.65518090081221,73.3448191,747,0.10681789854169263,0.06556151065686153,0.09310731646516265,0.03303003863891312
312700,59531,2069,6648.4249182464655,6.5,356,182,82.40695988400194,147,18.09999999999999,18.1,12.2,329,725,31.214421252371917,68.78557874762808,275,0.1720637989366844,0.08796520057999033,0.13291445142580957,0.07104881585306912
312800,15538,2813,7794.931442400272,18.0,708,236,82.36757909704941,446,13.600000000000009,47.1,60.6,119,623,16.037735849056602,83.96226415,104,0.25168858869534305,0.08389619623178102,0.03697120511908994,0.15854959118378956
312900,39797,4361,7842.058968708573,6.5,610,146,87.09011694565466,555,16.299999999999997,27.3,27.5,706,1018,40.951276102088165,59.048723897911835,579,0.1398761751891768,0.033478559963311165,0.13276771382710387,0.12726438890162806
313000,45237,2736,6410.594320622998,6.5,431,140,79.27631578947368,271,15.599999999999994,19.8,20.4,438,799,35.40824575586095,64.59175424413904,359,0.15752923976608188,0.05116959064327485,0.13121345029239767,0.09904970760233918
313100,88575,4049,2636.3791495006876,1.8,350,199,33.83551494196097,141,74.5,3.2,8.3,527,1454,26.60272589601211,73.39727410398788,588,0.0864410965670536,0.04914793776241047,0.14522104223265003,0.03482341318844159
313200,65213,3998,3347.2311436485907,9.3,639,156,80.06503251625813,546,19.40000000000001,14.2,13.5,925,843,52.31900452488688,47.68099547511312,661,0.15982991495747875,0.03901950975487744,0.1653326663331666,0.13656828414207103
313300,34297,2491,2820.487007637768,12.6,581,176,79.76716178,441,8.900000000000006,17.0,31.4,588,459,56.16045845272206,43.83954154727794,707,0.2332396627860297,0.07065435568044962,0.28382175832998796,0.17703733440385389
313400,24024,2972,4143.661323669605,11.2,436,173,85.06056527590849,228,10.099999999999994,25.2,32.9,542,841,39.190166305133765,60.809833694866235,413,0.14670255720053835,0.05820995962314939,0.1389636608344549,0.07671601615074024
313500,43047,2792,4444.007789906348,11.8,726,258,77.14899713467048,486,4.0,41.5,36.6,387,436,47.02308626974484,52.97691373025516,329,0.2600286532951289,0.09240687679083094,0.11783667621776504,0.17406876790830947
313600,24448,4650,5200.192178525814,12.0,1371,434,77.01075268817205,864,8.099999999999994,46.3,43.8,708,1119,38.75205255,61.24794745484401,554,0.2948387096774194,0.09333333333333334,0.11913978494623656,0.18580645161290324
313700,50750,2210,4327.2027730469745,5.5,330,96,86.01809954751131,267,5.400000000000006,33.4,19.9,486,457,51.537645811240715,48.46235418875928,427,0.1493212669683258,0.04343891402714932,0.19321266968325793,0.12081447963800905
313800,28885,4427,5194.205208097565,16.4,1346,317,88.75084707476847,1156,-1.4,43.0,33.5,351,1447,19.521690767519463,80.47830923248054,375,0.3040433702281455,0.07160605376101198,0.084707476846623,0.26112491529252313
313900,52392,4623,4345.9047563696795,2.5,297,123,55.4834523,117,57.4,7.2,21.2,381,2146,15.077166600712308,84.92283339928768,248,0.06424399740428294,0.026606099935107073,0.0536448193813541,0.025308241401687217
314001,63333,2716,4986.8016198005635,4.7,186,154,59.13107511045656,23,72.8,6.5,16.2,489,1075,31.26598465473146,68.73401534526855,267,0.06848306332842416,0.05670103092783505,0.09830633284241531,0.008468335787923416
314002,50589,6911,9746.016318650189,2.5,542,300,60.729272174793806,174,76.2,5.7,19.8,371,3521,9.532374100719425,90.46762589928058,323,0.07842569816234987,0.04340905802344089,0.04673708580523803,0.025177253653595716
314300,34516,3890,6679.917034812234,10.3,623,222,88.14910026,417,11.399999999999991,23.5,16.9,279,1889,12.869003690036902,87.13099630996311,379,0.16015424164524422,0.0570694087403599,0.0974293059125964,0.10719794344473008
314400,56482,3527,3835.6883172700936,5.7,469,208,56.62035724411682,263,87.19999999999999,2.8,23.3,448,1431,23.842469398616284,76.15753060138371,205,0.13297419903600793,0.05897363198185427,0.05812305075134675,0.07456762120782534
320100,40545,2811,7398.065299335236,4.6,654,170,35.32550693703308,491,5.099999999999997,30.5,18.8,275,700,28.205128205128204,71.79487179,207,0.23265741728922093,0.06047669868374244,0.0736392742796158,0.17467093561010316
320200,44726,5437,3374.8490080946335,4.8,1407,362,40.94169578811845,1052,15.899999999999997,25.7,18.6,791,970,44.91766042021579,55.08233957978421,548,0.25878241677395625,0.06658083501931213,0.10079087732205261,0.19348905646496228
320500,62431,4583,2042.9099018570748,7.8,1135,215,28.758455160375306,992,10.2,37.3,19.3,976,247,79.80376124284547,20.19623875715454,470,0.24765437486362646,0.04691250272747109,0.10255291293912285,0.21645210560768055
320601,45125,2512,4600.969693925474,9.5,686,189,31.966560509554142,497,3.900000000000003,35.7,14.5,460,342,57.35660848,42.64339152,224,0.2730891719745223,0.07523885350318471,0.08917197452229299,0.19785031847133758
320602,32346,4960,8454.033826985788,7.7,1398,531,37.056451612903224,895,5.9,28.0,32.6,562,921,37.89615643964936,62.10384356035063,469,0.2818548387096774,0.10705645161290323,0.09455645161290323,0.18044354838709678
320700,57385,4830,3625.123912720919,7.3,1379,315,39.66873706004141,1120,12.399999999999997,23.6,23.0,544,1078,33.53884093711467,66.46115906288532,442,0.2855072463768116,0.06521739130434782,0.09151138716356108,0.2318840579710145
320800,41793,5157,4572.728902052641,5.0,1571,465,15.474112856311809,1124,6.5,31.5,20.8,811,682,54.320160750167446,45.679839249832554,528,0.3046344774093465,0.09016870273414776,0.10238510762070971,0.2179561760713593
320900,51848,7291,8143.041859409988,3.4,2095,377,16.211767933068167,1681,9.700000000000006,33.1,26.1,1346,896,60.03568242640499,39.96431757359501,694,0.2873405568509121,0.05170758469345769,0.09518584556302291,0.23055822246605404
321000,52909,9550,6227.987102145219,11.4,2905,709,18.691099476439792,2345,8.900000000000006,30.1,11.8,1314,1248,51.28805620608899,48.71194379391101,747,0.3041884816753927,0.07424083769633508,0.07821989528795811,0.24554973821989529
321100,64911,8469,3956.602570237621,5.8,2257,733,31.963632069902,1799,23.699999999999996,25.6,9.4,1309,1360,49.044585987261144,50.955414012738856,449,0.26650135789349394,0.08655095052544574,0.053016885110402645,0.21242177352698074
321200,37063,4030,3510.641502692689,5.7,1481,302,20.471464019851116,1178,11.900000000000002,38.6,36.6,417,796,34.37757625721352,65.62242374278648,183,0.3674937965260546,0.0749379652605459,0.04540942928039702,0.2923076923076923
321300,42083,6765,11122.09272770664,6.4,2367,861,15.831485587583147,1529,9.199999999999994,26.6,24.9,324,1660,16.33064516129032,83.66935483870968,153,0.34988913525498894,0.12727272727272726,0.02261640798226164,0.22601626016260162
321401,43281,4719,5912.351608760458,8.7,1558,494,16.168679805043443,1052,7.099999999999997,38.1,29.4,877,318,73.38912133891213,26.610878661087867,326,0.33015469379105744,0.1046831955922865,0.06908243271879635,0.2229285865649502
321402,66176,4412,5836.468952687118,7.2,1402,455,17.565729827742523,1014,12.200000000000005,33.2,3.5,837,375,69.05940594059405,30.94059405940594,422,0.31776971894832273,0.10312783318223027,0.0956482320942883,0.22982774252039892
321500,33000,3299,9078.509241746287,6.4,1225,425,16.550469839345254,777,5.2000000000000055,37.9,31.4,208,742,21.894736842105264,78.10526315789474,164,0.3713246438314641,0.1288269172476508,0.049712033949681725,0.23552591694452865
321600,66653,6913,6201.36504,4.8,2206,538,15.116447273253293,1594,13.699999999999994,32.2,6.5,1402,472,74.81323372465314,25.18676627534685,842,0.31910892521336615,0.07782438883263416,0.12179950817300737,0.230580066541299
321700,71042,3440,4603.286938499289,5.5,906,245,20.69767441860465,653,17.6,28.3,5.2,831,171,82.93413173652695,17.065868263473057,414,0.2633720930232558,0.07122093023255814,0.12034883720930233,0.18982558139534883
321800,65184,4155,8225.982235881484,8.8,1181,307,31.528279181708783,915,5.1999999999999975,33.6,14.5,760,331,69.66086159,30.339138405132903,398,0.2842358604091456,0.07388688327316487,0.09578820697954273,0.22021660649819494
321900,50379,6006,6302.804562913159,13.8,1707,431,6.876456876456877,1349,9.599999999999994,28.1,16.9,852,644,56.951871657754005,43.04812834224599,554,0.2842157842157842,0.07176157176157176,0.09224109224109224,0.2246087246087246
322000,39286,4912,17753.01826067796,11.5,1650,453,12.5,1190,10.899999999999997,29.3,29.7,56,1424,3.783783783783784,96.21621621621622,112,0.3359120521172638,0.09222312703583062,0.02280130293159609,0.24226384364820847
322100,43179,4246,5052.4580500542215,18.5,1550,367,3.603391427225624,1156,11.300000000000006,33.7,17.3,596,591,50.210614995787694,49.789385,267,0.365049458313707,0.08643429109750353,0.0628827131417805,0.2722562411681583
322200,32232,1633,4414.581890056117,18.8,465,90,12.9210042865891,358,11.200000000000006,40.6,23.0,206,285,41.955193482688394,58.044806517311606,138,0.2847519902020821,0.05511328842620943,0.08450704225352113,0.21922841396203308
322600,53277,5516,5735.393293,9.8,1560,283,6.635242929659173,1328,26.299999999999997,32.2,20.3,1043,578,64.34299814929057,35.65700185070944,491,0.2828136330674402,0.05130529369108049,0.08901377810007252,0.24075416968817984
322700,54295,7002,8767.948709147955,11.3,2467,657,7.026563839,1641,21.09999999999999,28.3,11.4,1163,838,58.120939530234885,41.879060469765115,688,0.3523279063124822,0.09383033419023136,0.09825764067409312,0.23436161096829478
322800,53616,6996,5812.3501835273255,6.8,2159,450,3.7735849056603774,1715,11.299999999999995,34.0,17.0,1170,521,69.18982850384387,30.81017149615612,507,0.30860491709548316,0.06432246998284734,0.07246998284734134,0.24514008004574042
322900,52090,4094,6382.487327804479,7.0,1310,228,2.3937469467513433,1168,7.5,34.2,9.0,692,387,64.13345690454125,35.86654309545876,286,0.31998045920859797,0.05569125549584758,0.06985832926233512,0.285295554469956
323000,31343,6870,12719.348426771288,12.8,2609,923,7.263464337700146,1710,5.500000000000003,38.4,33.6,295,1740,14.496314496314495,85.5036855,482,0.3797671033478894,0.13435225618631733,0.07016011644832605,0.24890829694323144
323100,37373,4066,5133.402524259916,8.5,1590,638,10.206591244466306,929,5.4,37.6,26.2,223,946,19.076133447390937,80.92386655260907,231,0.3910477127397934,0.15691096901131332,0.056812592228234135,0.22848007870142648
323200,60921,5727,7043.3748883104845,9.9,1559,528,10.598917408765498,1158,20.299999999999997,33.8,20.1,1027,557,64.83585858585859,35.16414141414141,573,0.27221931203073163,0.09219486642221059,0.1000523834468308,0.20220010476689365
323300,36154,3310,6543.751979447906,5.7,993,317,9.939577039274925,672,16.300000000000004,31.0,35.6,338,768,30.560578661844485,69.43942133815551,372,0.3,0.09577039274924472,0.11238670694864049,0.2030211480362538
323400,47818,8636,11243.875642172943,13.1,2863,832,7.746641963872163,2170,9.6,37.2,22.0,1191,1046,53.240947697809574,46.75905230219043,681,0.33151922186197313,0.09634089856415007,0.07885595182955071,0.25127373784159335
323500,31159,5671,5497.213388280872,11.7,2006,664,17.880444366073004,1365,10.500000000000004,29.5,33.5,396,1468,21.24463519313305,78.75536480686695,263,0.35372950096984657,0.1170869335214248,0.046376300476106504,0.24069828954329042
323600,50638,8547,4315.049431905264,12.2,2081,431,17.526617526617528,1686,37.4,35.6,14.3,1803,1516,54.323591443205785,45.676408556794215,1150,0.24347724347724348,0.050427050427050424,0.13455013455013454,0.19726219726219726
323701,54837,4934,5516.907023,4.5,1205,392,12.829347385488449,784,37.6,33.6,11.6,620,1234,33.441208198489754,66.55879180151025,812,0.244223753546818,0.07944872314552087,0.16457235508715037,0.15889744629104174
323702,50980,3183,7780.0319284395455,4.9,815,257,7.414388941250392,567,44.1,44.2,7.8,601,502,54.48776065276518,45.51223934723481,305,0.256047753691486,0.08074143889412504,0.09582155199497329,0.17813383600377003
323801,62331,3820,7409.359788797713,10.8,1107,298,3.481675392670157,832,22.5,33.8,10.1,979,195,83.39011925,16.609880749574106,539,0.28979057591623036,0.07801047120418848,0.14109947643979057,0.21780104712041884
323802,50250,5018,5388.998985104791,7.8,1705,422,13.770426464726985,1172,20.90000000000001,33.2,20.6,1054,539,66.16446955430007,33.83553044569994,488,0.33977680350737344,0.0840972499003587,0.09724990035870865,0.23355918692706257
323900,32500,3952,3605.738225094592,17.6,1098,380,12.322874493927126,735,35.0,41.7,27.6,457,1001,31.344307270233195,68.65569273,529,0.277834008097166,0.09615384615384616,0.13385627530364372,0.18598178137651822
324000,74960,5453,1770.0224283849293,10.9,1269,324,11.076471666972308,1142,50.0,36.1,13.6,1247,596,67.66142159522518,32.33857840477483,887,0.23271593618191821,0.059416834769851455,0.16266275444709336,0.20942600403447645
324100,41950,5463,619.6604833,15.6,1913,747,9.097565440234304,1198,7.8,30.4,22.9,651,891,42.217898832684824,57.78210116731517,331,0.3501738971261212,0.13673805601317957,0.060589419732747576,0.2192934285191287
324200,24880,1087,386.7892853320244,9.0,280,116,29.80680772769089,161,3.799999999999997,35.4,25.7,212,169,55.643044619422575,44.35695538057743,142,0.2575896964121435,0.10671573137074516,0.13063477460901565,0.14811407543698252
330100,59547,9589,9654.398548207208,6.6,2959,744,61.75826468,2297,1.5,38.9,14.5,1532,945,61.8490109,38.1509891,950,0.3085827510689331,0.07758890395244551,0.09907185316508499,0.23954531233705287
330200,50448,4438,2586.515640729434,4.0,1129,313,43.15006759801712,858,3.1000000000000014,38.1,15.5,680,621,52.267486548808606,47.732513451191394,492,0.254393871113114,0.07052726453357368,0.11086074808472285,0.19333032897701669
330301,62889,8737,7099.376771333406,3.4,2423,558,42.77211857617031,2081,5.699999999999996,29.6,8.7,1950,294,86.89839572192514,13.101604278074866,374,0.2773263133798787,0.06386631566899394,0.04280645530502461,0.23818244248597917
330302,54671,6540,2809.379922632873,7.9,1910,340,51.60550458715596,1538,4.699999999999996,35.3,17.0,1191,564,67.86324786324786,32.136752136752136,913,0.29204892966360857,0.05198776758409786,0.13960244648318043,0.23516819571865444
330303,46825,4231,2053.47886311666,4.6,992,394,45.02481682817301,602,16.699999999999996,27.2,17.3,620,1010,38.036809815950924,61.963190184049076,347,0.23445993854880642,0.09312219333490901,0.08201370834318128,0.14228314819191681
330400,43096,4863,2880.268210007125,8.9,1357,374,43.162656796216325,988,5.5,37.2,20.5,804,715,52.92955892034234,47.07044107965767,555,0.2790458564672013,0.07690725889368702,0.11412708204811844,0.2031667694838577
330500,51437,4982,4721.319577321126,8.4,1381,344,45.644319550381375,969,5.300000000000004,34.2,17.9,825,512,61.70531039640987,38.29468960359013,551,0.2771979124849458,0.06904857486953031,0.11059815335206745,0.19450020072260135
330600,55208,7239,5057.877733689203,4.6,1881,417,57.16259152,1594,2.5,37.6,21.0,1597,580,73.35783188,26.64216812,962,0.25984251968503935,0.057604641525072525,0.1328912833264263,0.220196159690565
330700,48750,9966,4146.799603652672,4.1,3559,810,42.52458358418623,2474,6.5,27.3,20.7,1591,913,63.53833865814696,36.46166134185304,580,0.35711418824001606,0.08127633955448525,0.05819787276740919,0.24824402970098333
330800,79807,13816,1126.107672203114,7.0,4330,1533,68.81152287203243,2836,6.300000000000004,20.8,11.6,3537,1100,76.27776579685141,23.722234203148588,735,0.3134047481181239,0.11095830920671686,0.05319918934568616,0.20526925303995366
330900,60634,13284,3437.4604173062507,9.5,4135,1321,58.536585365853654,2754,8.300000000000004,22.7,18.8,2542,1768,58.97911832946636,41.02088167053364,554,0.31127672387834987,0.09944293887383318,0.04170430593194821,0.2073170731707317
331100,26903,4295,3443.3897016200763,11.0,1170,273,68.54481955762515,911,3.1000000000000014,32.8,40.9,656,878,42.76401564537158,57.23598435462842,467,0.2724097788125728,0.06356228172293364,0.10873108265424913,0.2121071012805588
331200,26130,3637,2657.0125495202906,5.1,1474,496,94.41847676656585,1018,3.299999999999997,28.3,52.8,438,990,30.672268907563023,69.32773109243698,517,0.4052790761616717,0.13637613417651911,0.14215012372834754,0.27990101732196865
331300,42250,5220,2969.8312491704314,10.0,970,243,81.64750957854406,829,2.200000000000003,36.4,16.9,1132,569,66.54908877131099,33.45091122868901,929,0.18582375478927204,0.04655172413793104,0.17796934865900382,0.15881226053639846
331400,13886,2414,3956.4092660724286,45.7,728,140,100.0,508,12.700000000000005,46.5,62.8,38,1109,3.3129904097646032,96.6870095902354,325,0.3015741507870754,0.0579950289975145,0.13463131731565867,0.2104391052195526
331500,57721,10258,2850.3500354883304,10.4,2657,371,87.36595827646715,2337,5.299999999999997,34.3,9.5,2130,873,70.92907092907093,29.07092907092907,1281,0.2590173523103919,0.03616689413140963,0.12487814388769741,0.22782218756092806
331601,35962,6762,5665.361113996528,15.5,1359,117,91.62969535640345,1317,3.200000000000003,38.0,22.2,1677,803,67.62096774193549,32.37903225806452,1036,0.20097604259094942,0.01730257320319432,0.15320910973084886,0.1947648624667258
331602,37347,1946,842.7250420010956,7.4,557,124,84.99486125385405,435,8.099999999999994,37.3,20.8,184,480,27.710843373493976,72.28915662650603,114,0.28622816032887977,0.06372045220966084,0.05858170606372045,0.223535457348407
331700,31169,4933,2486.0287727960813,15.7,1795,706,85.32333266,1074,1.7000000000000028,27.3,28.6,827,653,55.87837837837838,44.12162162162162,757,0.36387593756334885,0.14311777822825866,0.15345631461585243,0.2177174133387391
331800,36250,3985,4428.897033873188,19.6,1223,280,82.38393977415306,1003,4.299999999999997,37.3,32.4,537,635,45.81911262798635,54.18088737201365,554,0.306900878293601,0.07026348808030113,0.13902132998745295,0.251693851944793
331900,51021,3899,6005.945001372741,7.8,922,163,76.66068222621185,831,1.2000000000000028,31.2,17.2,944,255,78.73227689741451,21.267723102585485,717,0.23647088997178764,0.04180559117722493,0.18389330597589126,0.2131315721979995
332000,29441,6785,7950.398409931567,21.7,2729,816,75.81429624170966,1842,1.2999999999999972,43.2,41.1,849,1161,42.23880597014925,57.76119402985075,879,0.40221075902726605,0.12026529108327193,0.12955047899778924,0.27148120854826824
332100,39053,3588,8649.322080816011,11.8,1175,334,43.31103678929766,854,-0.1,35.3,27.9,534,415,56.26975763962066,43.73024236037934,322,0.32748049052396877,0.09308807134894091,0.08974358974358974,0.23801560758082496
332200,45786,4892,4461.345664986429,9.9,1356,337,64.90188062142273,993,-0.2,29.0,21.1,933,442,67.85454545454546,32.14545454545454,625,0.27718724448078497,0.06888798037612429,0.1277596075224857,0.20298446443172527
332300,36188,3165,6991.825028,11.0,685,228,73.45971563981043,504,0.7000000000000028,36.6,26.7,579,388,59.87590486039297,40.12409513960703,492,0.21642969984202212,0.07203791469194312,0.15545023696682464,0.15924170616113745
332400,35875,4115,2903.1331649495874,15.8,831,207,83.91251518833536,722,5.5,44.5,21.5,906,513,63.84778013,36.15221987,789,0.2019441069258809,0.05030376670716889,0.19173754556500608,0.17545565006075334
332500,42146,2949,3901.681654958883,9.5,569,137,49.94913530010173,448,5.700000000000003,34.0,17.4,870,171,83.57348703,16.42651296829971,547,0.19294676161410648,0.04645642590708715,0.1854866056290268,0.1519159036961682
332600,39761,7359,5759.545750520036,5.4,2291,775,48.94686778,1639,4.599999999999994,32.9,15.6,1125,1011,52.66853933,47.331460674157306,988,0.3113194727544503,0.10531322190515016,0.13425737192553336,0.2227204783258595
332700,48750,2555,2614.125394,3.7,626,184,13.972602739726028,508,3.1999999999999944,25.9,22.8,444,306,59.2,40.8,238,0.24500978473581214,0.07201565557729941,0.09315068493150686,0.19882583170254403
332800,33326,5011,6624.821328463007,10.8,1564,541,24.366393933346636,954,4.1,25.9,30.6,384,1089,26.069246435845212,73.93075356415478,473,0.31211335062861706,0.10796248253841549,0.0943923368589104,0.1903811614448214
332900,43327,5422,7608.033347388083,4.2,2024,652,19.549981556621173,1294,5.5,30.4,31.2,596,821,42.06069160197601,57.93930839802399,465,0.3732939874585024,0.12025082995204721,0.08576171154555515,0.2386573220213943
333000,59057,4027,6830.229269747878,4.6,1157,321,29.550533896200648,890,7.999999999999997,23.1,15.2,827,213,79.51923076923076,20.48076923076923,266,0.2873106530916315,0.07971194437546561,0.06605413459150733,0.22100819468587038
333100,46494,4374,9083.925188580231,7.0,1136,307,45.15317786922725,889,32.099999999999994,26.7,21.2,615,724,45.92979835698282,54.07020164301718,376,0.2597165066300869,0.07018747142203932,0.08596250571559214,0.20324645633287608
333201,43189,4691,10619.318616435216,6.4,1106,396,58.62289491,690,8.100000000000005,32.5,16.8,514,1319,28.041462084015272,71.95853791598472,237,0.23577062460029843,0.084416968663398,0.05052227670006395,0.14709017267107227
333202,33591,5949,6886.472751897716,7.2,1769,606,63.20389981509498,1235,6.399999999999999,41.3,24.3,373,1785,17.284522706209454,82.71547729379056,467,0.2973609009917633,0.10186585980837115,0.07850058833417381,0.20759791561606994
333300,38836,10222,3828.2444101260257,3.6,2953,936,26.716885149677168,2170,8.9,32.8,30.0,782,2260,25.706771860618016,74.29322813938198,571,0.2888867149285854,0.09156720798278223,0.05585990999804344,0.21228722363529642
333500,39436,6236,8535.750725100457,4.3,2065,689,44.83643361128929,1519,6.4999999999999964,29.6,25.0,630,1429,30.59737737,69.40262263,457,0.33114175753688263,0.11048749198203976,0.0732841565105837,0.24358563181526618
333600,70609,4452,3141.7804317981304,5.0,1314,216,51.41509433962265,1168,17.400000000000006,24.9,8.1,907,276,76.66948436179204,23.330515638207945,440,0.29514824797843664,0.04851752021563342,0.09883198562443846,0.26235399820305483
333700,48375,3565,1030.930973114739,7.7,1131,265,28.863955119214584,895,12.699999999999994,29.7,25.1,717,273,72.42424242424242,27.575757575757574,216,0.31725105189340813,0.07433380084151472,0.0605890603085554,0.25105189340813466
333800,55572,11520,3421.7253647029497,3.6,3454,864,32.88194444444444,2651,6.600000000000003,32.8,11.2,1799,1366,56.84044233807267,43.15955766192733,854,0.2998263888888889,0.075,0.07413194444444444,0.23012152777777778
333901,80987,10209,5458.496759923421,4.6,3070,641,45.96924282495837,2682,29.6,28.6,7.7,2348,262,89.96168582375479,10.038314176245212,569,0.30071505534332454,0.06278773631109805,0.05573513566460966,0.26270937408169265
333902,53442,9431,5704.385930805365,7.7,2366,746,30.505778814547767,1636,21.4,27.8,12.4,1449,1708,45.89800443,54.10199557,728,0.2508747746792493,0.0791008376630262,0.07719223836284593,0.17347046972749444
334001,43856,3746,7204.241361902095,5.8,1176,390,62.52002135611319,773,27.700000000000003,33.1,13.2,384,912,29.629629629629623,70.37037037037037,350,0.3139348638547784,0.10411105178857448,0.09343299519487454,0.20635344367325148
334002,58935,2338,4563.802164095255,9.8,314,101,46.49272882805817,213,24.1,17.5,8.6,69,1045,6.193895870736086,93.80610412926391,64,0.1343028229255774,0.043199315654405476,0.02737382378100941,0.09110350727117195
334003,57049,6478,6053.299468147278,7.7,1305,371,37.09478234022846,1054,27.4,40.4,9.7,1223,1149,51.55986509274874,48.44013490725126,793,0.20145106514356284,0.05727076258104353,0.12241432540907687,0.16270453843778945
334100,58527,14703,1364.5875705998656,7.0,3811,629,68.43501326259947,2989,19.799999999999997,12.8,12.7,2510,3251,43.56882485679569,56.43117514320431,1178,0.2591988029653812,0.04278038495545127,0.08011970346187852,0.20329184520165952
340100,47311,6957,2133.5486133872514,2.4,2017,560,36.265631737818026,1419,41.5,27.9,13.7,902,1706,34.58588957055215,65.41411042944786,449,0.28992381773753056,0.08049446600546213,0.0645393129222366,0.20396722725312635
340201,113333,1546,220.04666240064412,2.4,348,108,33.76455368693402,225,73.9,11.7,5.1,519,87,85.64356435643565,14.356435643564357,289,0.22509702457956016,0.06985769728331177,0.1869340232858991,0.14553686934023286
340202,147700,5356,1622.505363053492,4.8,1424,214,30.227781926811055,1246,81.9,8.4,2.3,1491,249,85.68965517,14.310344827586208,429,0.2658700522778193,0.039955190440627335,0.08009708737864078,0.23263629574309186
340203,126392,3989,883.8302630767196,6.0,744,77,25.269491100526448,706,90.2,12.0,4.8,1084,525,67.37103791174643,32.62896208825357,663,0.1865129105038857,0.019303083479568814,0.16620706944096264,0.17698671346202055
340301,189491,3878,2787.282519379504,4.2,860,176,25.915420319752453,752,87.8,5.1,1.3,1339,54,96.12347451543432,3.876525484565686,721,0.221763795771016,0.04538421866941723,0.18592057761732853,0.19391438886023724
340302,113737,6728,5035.460822042018,7.2,1723,341,20.03567181926278,1414,79.0,6.8,4.4,2267,112,95.29213955443464,4.707860445565363,1287,0.2560939357907253,0.05068370986920333,0.19129013079667062,0.21016646848989298
340400,166579,1319,2129.3623086495136,2.9,238,50,15.16300227445034,196,89.8,6.1,0.3,519,3,99.42528735632185,0.5747126436781609,360,0.18043972706595907,0.03790750568612585,0.27293404094010615,0.14859742228961334
340500,45948,6899,6330.286875204723,7.4,2030,888,23.974489056384986,1282,58.6,18.9,21.6,1230,1551,44.228694714131606,55.77130528586839,903,0.29424554283229454,0.12871430642122048,0.13088853457022756,0.1858240324684737
340600,91250,2508,3997.4255368201807,8.6,477,154,9.529505582137162,371,79.4,16.9,1.9,921,38,96.03753910323252,3.962460896767466,586,0.1901913875598086,0.06140350877192982,0.23365231259968103,0.14792663476874005
340700,76073,8000,6480.804736948502,4.8,2522,870,37.6,1498,56.3,21.8,10.1,1944,705,73.38618346545867,26.613816534541336,806,0.31525,0.10875,0.10075,0.18725
340800,127583,5955,5346.355406756834,6.5,1334,414,25.84382871536524,856,74.5,12.1,3.3,1864,189,90.79396005845103,9.206039941548951,782,0.22401343408900085,0.06952141057934509,0.1313182199832074,0.14374475230898404
340900,53056,4522,2941.8753027835864,6.5,1100,423,33.45864661654135,652,49.599999999999994,23.1,11.7,296,1670,15.0559511698881,84.94404883011191,200,0.24325519681556834,0.09354268022998673,0.044228217602830605,0.14418398938522778
341000,59191,8759,7500.785454438482,3.2,1518,502,30.36876355748373,993,55.49999999999999,14.7,9.0,1185,2799,29.743975903614455,70.25602409638554,715,0.17330745518894852,0.05731247859344674,0.08163032309624386,0.11336910606233588
341100,62008,4268,2378.647593036943,3.7,706,137,28.842549203373945,621,48.599999999999994,20.3,11.8,219,1587,12.12624584717608,87.87375415282392,380,0.16541705716963448,0.032099343955014056,0.08903467666354264,0.14550140581068416
341201,41705,3977,1222.5907703364146,8.7,1118,549,33.61830526,596,40.2,21.8,30.5,167,1446,10.353378797272164,89.64662120272784,222,0.2811164194116168,0.13804375157153634,0.05582097058083983,0.14986170480261504
341202,84922,4643,2356.662820929295,3.3,701,122,11.307344389403402,712,68.5,9.0,14.0,1002,1007,49.87555998,50.12444002,730,0.15097996984708162,0.02627611458108981,0.1572259315097997,0.1533491277191471
341301,50563,5214,1116.6674593028151,11.6,826,450,28.902953586497897,358,75.1,11.7,18.8,862,1621,34.71606927,65.28393073,725,0.15841963943229767,0.08630609896432681,0.13904871499808208,0.06866129650939777
341302,51309,2896,3680.5233635086006,8.2,623,144,34.49585635359116,526,58.4,20.6,15.0,130,1391,8.547008547008547,91.45299145299144,243,0.2151243093922652,0.049723756906077346,0.08390883977900553,0.18162983425414364
341400,116852,4900,814.0498020929635,2.6,1060,184,9.20408163265306,930,84.0,12.1,4.6,1453,405,78.20236813778256,21.797631862217436,800,0.2163265306122449,0.037551020408163265,0.16326530612244897,0.18979591836734694
341501,86204,6467,3905.638319106901,3.9,1517,233,9.4479666,1332,73.10000000000001,15.8,7.3,1555,895,63.469387755102034,36.53061224489796,654,0.23457553734343592,0.036029070666460494,0.10112880779341271,0.20596876449667542
341502,84968,4376,2370.619474018154,2.5,910,206,8.820840950639854,781,78.30000000000001,13.4,4.8,981,930,51.33437990580848,48.66562009419152,432,0.20795246800731262,0.047074954296160876,0.09872029250457039,0.17847349177330896
341600,97288,6805,840.7987132397711,4.9,1574,547,10.374724467303452,1066,75.3,24.2,10.7,1659,874,65.49545992893802,34.50454007106198,756,0.2313005143277002,0.08038207200587803,0.11109478324761204,0.15664952240999266
341700,89188,3076,2726.7158981368116,9.5,866,302,7.444733420026008,567,79.3,23.2,4.5,940,155,85.84474885844749,14.15525114155251,429,0.2815344603381014,0.09817945383615084,0.1394668400520156,0.18433029908972692
341800,86757,2358,1344.4220841116205,5.0,552,86,16.030534351145036,449,70.6,22.6,8.4,623,209,74.87980769,25.120192307692307,241,0.2340966921119593,0.0364715860899067,0.10220525869380831,0.1904156064461408
342001,112778,7044,3536.148004400426,4.0,1739,408,17.532651902328222,1377,68.60000000000001,18.3,0.5,2106,212,90.85418464,9.145815358,537,0.24687677455990914,0.05792163543441227,0.0762350936967632,0.1954855195911414
342002,98261,3352,2338.815797821286,2.5,750,174,12.977326968973744,596,59.2,30.5,5.4,852,495,63.25167037861915,36.74832962138085,323,0.22374701670644392,0.05190930787589499,0.09636038186157518,0.17780429594272076
342100,75453,4323,2512.192903267739,5.7,1098,178,8.743927827897293,995,42.0,38.6,12.9,1257,192,86.74948240165632,13.250517598343686,427,0.2539902845246357,0.04117510987739995,0.09877399953735831,0.23016423779782558
342200,60822,3883,3493.981145523935,10.6,996,314,12.387329384496525,797,33.7,43.1,5.9,728,543,57.27773406766325,42.72226593233675,407,0.2565027040947721,0.0808653103270667,0.1048158640226629,0.20525366984290497
342300,64702,8278,7671.364221,12.1,2832,780,19.968591447209473,2069,31.4,29.9,13.0,1215,1123,51.96749358426005,48.03250641573995,606,0.3421116211645325,0.09422565837158733,0.07320608842715631,0.2499395989369413
342400,62386,3436,2593.8270450756254,7.6,1216,435,14.551804423748546,752,37.900000000000006,30.9,7.0,669,509,56.79117147707979,43.20882852292021,203,0.3538998835855646,0.12660069848661235,0.059080325960419094,0.21885913853317812
342500,72966,5653,2262.5231054118603,8.3,1249,261,2.4058022289050065,1038,69.6,30.4,5.3,1397,728,65.74117647058824,34.258823529411764,1077,0.22094463116929064,0.04617017512825049,0.19051830886255086,0.18361931717672034
342700,68550,4891,3659.910159973536,8.4,1012,242,7.094663667961562,782,75.89999999999999,29.8,7.1,1263,446,73.90286717378584,26.09713282621416,671,0.20691065221836025,0.04947863422612962,0.1371907585360867,0.15988550398691473
342800,117500,8650,2999.535239526373,2.9,2174,511,12.554913294797688,1672,69.6,25.3,1.8,2670,50,98.16176470588236,1.8382352941176472,787,0.2513294797687861,0.05907514450867052,0.09098265895953757,0.19329479768786126
342900,85096,6383,2781.2907362632222,7.2,1284,280,10.480965063449789,981,65.5,32.5,9.6,1853,385,82.79714030384272,17.202859696157283,901,0.20115932946890178,0.04386652044493185,0.14115619614601285,0.15368948770170765
343000,65100,7043,3173.6302138183137,6.1,1617,384,17.52094278006531,1240,53.3,42.2,17.6,1475,1113,56.99381761978361,43.00618238021639,620,0.22958966349566945,0.05452222064461167,0.0880306687491126,0.1760613374982252
343100,89856,4590,5896.118257788772,6.5,786,138,14.793028322440088,637,67.60000000000001,34.2,3.7,1426,239,85.64564564564564,14.354354354354356,636,0.17124183006535948,0.030065359477124184,0.13856209150326798,0.13877995642701524
343200,109050,5037,2858.494006512989,6.7,918,269,16.557474687313878,670,59.4,27.3,1.7,1469,189,88.60072376357057,11.399276236429433,432,0.18225134008338298,0.053404804447091524,0.08576533650982728,0.1330156839388525
343301,86522,4951,1110.289949793942,5.6,1404,453,13.37103615431226,985,59.0,34.8,10.9,1366,136,90.94540612516646,9.054593874833555,429,0.2835790749343567,0.09149666733993132,0.08664916178549788,0.19894970712987275
343302,76831,4815,2761.588298551949,5.5,1028,411,18.193146417445483,673,62.2,28.2,4.9,1386,355,79.60941987363584,20.390580126364156,518,0.21349948078920042,0.0853582554517134,0.10758047767393562,0.13977154724818278
343600,65516,2907,105.94104964629584,9.3,514,129,9.287925696594428,401,65.2,38.0,14.7,856,341,71.51211361737677,28.487886382623223,549,0.17681458548331613,0.04437564499484004,0.18885448916408668,0.13794289645682833
343700,57973,3946,247.18517583468935,4.2,880,343,24.32843385707045,515,41.1,36.1,15.0,611,815,42.84712482468443,57.152875175315565,519,0.22301064368981247,0.08692346680182464,0.13152559553978713,0.13051191079574254
350100,94017,17635,2271.3710311539603,4.6,4738,1503,50.360079387581514,3236,53.900000000000006,23.4,8.1,4664,633,88.04983953181046,11.95016046818954,2181,0.2686702580096399,0.08522823929685285,0.12367451091579246,0.18349872412815424
350200,69118,8612,6297.139931979086,14.8,1869,568,33.26753367394333,1435,28.9,29.1,18.0,2202,482,82.04172876304024,17.95827123695976,976,0.21702275894101253,0.06595448211797492,0.1133302368787738,0.16662796098467256
350300,105741,6731,7643.106197374678,6.1,1570,254,24.98885752488486,1448,36.3,19.9,8.3,1918,146,92.92635658914728,7.073643410852713,1047,0.2332491457435745,0.03773584905660377,0.15554895260733917,0.21512405288961522
350400,61071,6756,6564.830564954033,6.9,1932,534,42.317939609236234,1475,23.6,25.7,12.8,1222,758,61.71717171717171,38.28282828282829,630,0.28596802841918295,0.07904085257548846,0.09325044404973357,0.21832445233866193
350500,45707,7851,3473.8160164243545,9.1,1952,458,53.64921666029805,1668,29.6,31.7,22.7,1436,979,59.46169772256729,40.53830227743271,764,0.24863074767545534,0.05833651764106483,0.0973124442746147,0.21245701184562477
350601,73707,4979,966.0493652226796,2.7,1435,441,23.117091785499095,992,61.8,16.6,4.4,1015,817,55.403930131004365,44.596069868995635,570,0.28821048403293836,0.08857200241012252,0.11448081944165495,0.19923679453705564
350602,101569,9329,7545.879092499821,5.3,2436,695,27.130453424804372,1729,65.7,20.4,5.4,2318,644,78.25793382849426,21.74206617150574,796,0.2611212348590417,0.07449887447743596,0.08532532961732232,0.18533604887983707
350700,93266,2216,3902.20902873297,3.4,563,161,14.485559566787003,414,69.5,23.8,2.4,630,119,84.11214953271028,15.887850467289718,473,0.25406137184115524,0.07265342960288809,0.2134476534296029,0.18682310469314078
350801,63964,5391,7378.381273068861,8.3,1285,420,19.217213874976817,892,62.5,29.4,9.6,932,1008,48.04123711340206,51.958762886597945,677,0.2383602300129846,0.07790762381747357,0.1255796698200705,0.16546095344092004
350802,74893,8737,1509.255672444207,7.2,2596,725,33.489756209225135,1891,67.5,14.5,8.2,1581,1267,55.51264045,44.48735955,734,0.29712716035252373,0.08298042806455305,0.08401052993018199,0.2164358475449239
410100,58778,4811,10203.89458,5.0,846,227,43.17189773435876,635,49.8,6.2,30.2,753,1957,27.7859778597786,72.21402214,292,0.17584701725213053,0.04718353772604448,0.06069424236125546,0.13198919143629184
410200,133355,5576,11139.614753524736,1.3,312,84,17.57532281205165,177,79.7,6.8,1.6,979,2093,31.868489583333332,68.13151041666666,317,0.05595408895265423,0.015064562410329985,0.05685078909612626,0.031743185078909615
410300,106705,3030,7607.251303244542,2.9,151,63,19.66996699669967,89,79.7,5.7,6.9,890,932,48.847420417124034,51.15257958287596,581,0.04983498349834983,0.020792079207920793,0.19174917491749174,0.029372937293729372
410401,149750,4019,11844.091964909365,0.0,414,132,16.919631749191343,282,91.5,7.9,1.7,1430,634,69.28294573643412,30.717054263565892,598,0.10301069917890023,0.0328439910425479,0.14879323214730034,0.07016670813635233
410402,109620,2433,8672.876600782474,1.8,290,84,20.263049732840116,195,84.4,4.5,7.3,758,681,52.67546907574705,47.324530924252954,229,0.11919441019317714,0.0345252774352651,0.09412248253185368,0.08014796547472257
410500,93214,4560,10734.841548594964,2.1,438,158,15.855263157894736,280,79.8,6.7,4.4,1221,1333,47.80736100234926,52.19263899765074,303,0.09605263157894736,0.03464912280701754,0.06644736842105263,0.06140350877192982
410600,79347,4899,12546.663169855212,1.9,211,79,25.33170034700959,132,70.39999999999999,4.1,10.4,392,2820,12.204234122042342,87.79576587795765,261,0.04307001428863033,0.016125739946927946,0.05327617881200245,0.02694427434170239
410701,81979,4001,9576.086102824116,6.6,213,67,24.06898275431142,162,79.3,7.2,12.0,1028,1453,41.43490528012898,58.56509471987103,405,0.053236690827293175,0.016745813546613347,0.10122469382654337,0.04048987753061734
410702,60167,2768,7874.4969503649345,9.7,152,58,25.79479768786127,48,70.7,7.1,16.6,251,1301,16.172680412371136,83.82731958762886,195,0.05491329479768786,0.020953757225433526,0.07044797687861272,0.017341040462427744
410800,70404,4226,10630.526833162789,2.0,517,69,22.811168954093706,448,81.39999999999999,3.2,10.8,713,1802,28.34990059642147,71.65009940357852,442,0.12233790818741126,0.01632749645054425,0.10459062943681968,0.10601041173686701
410900,100514,3198,11221.445264042712,4.4,351,138,29.268292682926827,180,84.1,3.4,10.1,582,1164,33.33333333333333,66.66666666666666,308,0.10975609756097561,0.043151969981238276,0.09631019387116949,0.05628517823639775
411000,95833,5175,9223.679932994912,1.8,240,81,23.516908212560388,150,89.60000000000001,3.6,6.5,763,2603,22.667855020796196,77.33214498,766,0.0463768115942029,0.01565217391304348,0.1480193236714976,0.028985507246376812
411100,174583,3741,7203.512134440389,2.2,1055,249,26.383319967923015,786,77.5,3.3,6.0,1131,338,76.99115044247787,23.00884955752212,694,0.28201015771184174,0.06655974338412189,0.1855118952151831,0.21010425020048115
411200,222031,1871,1388.0347290473344,1.9,423,81,8.230892570817744,386,92.1,5.9,13.7,612,67,90.13254786450663,9.867452135493371,543,0.2260823089257082,0.0432923570283271,0.29021913415285944,0.20630678781400322
411300,97953,4618,8335.227997319695,2.0,351,187,28.62711130359463,175,78.6,6.0,8.2,601,2088,22.350316102640384,77.64968389735961,520,0.07600692940666956,0.04049372022520572,0.11260285838025119,0.037895192724123
411400,250000,2810,4205.924443617788,2.4,551,177,2.0640569395017794,425,92.2,4.1,1.1,1023,154,86.91588785046729,13.084112149532707,862,0.19608540925266904,0.06298932384341636,0.30676156583629893,0.1512455516014235
411501,89430,7519,12757.241637866064,1.4,780,451,30.58917409229951,351,80.69999999999999,1.5,8.3,876,3512,19.963536918869647,80.03646308113036,545,0.10373719909562441,0.059981380502726424,0.07248304295784014,0.046681739593030985
411502,87274,4146,5859.5649101761555,2.5,326,149,23.13072841292812,177,79.5,2.3,6.9,471,1874,20.085287846481876,79.91471215351812,346,0.07863000482392668,0.035938253738543174,0.08345393150024119,0.0426917510853835
411600,171111,2425,4603.254195857658,2.8,471,203,11.711340206185566,242,88.30000000000001,2.4,4.7,822,262,75.83025830258303,24.169741697416978,451,0.19422680412371135,0.08371134020618556,0.18597938144329898,0.0997938144329897
411700,76000,3476,7419.0639511722975,2.9,558,202,35.61565017,331,63.2,12.1,3.5,89,1825,4.649947753396029,95.35005224660397,93,0.16052934407364788,0.05811277330264672,0.026754890678941313,0.09522439585730726
411800,81515,5447,6557.973463636546,0.5,988,298,21.351202496787224,624,79.3,7.1,5.3,1111,1978,35.96633214632567,64.03366785367433,756,0.18138424821002386,0.05470901413622177,0.1387919955939049,0.11455847255369929
411900,84539,3298,4721.271620140389,3.8,533,206,14.736203759854458,348,93.1,1.4,12.8,808,873,48.066627007733494,51.93337299226651,552,0.16161309884778655,0.0624620982413584,0.16737416616130987,0.1055184960582171
412000,184667,3967,6871.589034229878,2.7,829,370,14.393748424502142,488,87.4,3.7,5.3,1058,570,64.98771498771498,35.01228501228501,554,0.20897403579531132,0.09326947315351651,0.1396521300731031,0.12301487269977313
412100,56250,2836,6037.515319157291,8.7,45,0,46.26234133,0,68.8,0.0,14.8,0,0,0.0,0.0,0,0.015867418899858956,0.0,0.0,0.0
412200,135625,5953,6392.880221912605,4.2,1562,526,25.71812531496725,998,88.39999999999999,1.7,10.0,1294,885,59.385039008719595,40.614960991280405,641,0.2623887115739963,0.0883588106836889,0.10767680161263228,0.16764656475726525
412300,250000,7063,7684.693502576738,4.0,2151,538,18.16508565765255,1601,94.5,1.9,1.8,2305,222,91.21487930352195,8.785120696478037,1091,0.3045448109868328,0.07617159847090471,0.15446694039360045,0.22667421775449526
412400,250000,4759,7301.935931479259,1.6,1536,529,16.158856902710653,1001,92.5,1.6,1.4,1503,169,89.89234449760765,10.107655502392344,659,0.3227568816978357,0.11115780626181972,0.13847446942635008,0.2103383063668838
412500,250000,1652,6615.602491608897,3.1,468,137,24.031476997578693,329,88.9,4.1,4.4,408,148,73.38129496402878,26.618705035971225,183,0.28329297820823246,0.08292978208232446,0.11077481840193705,0.19915254237288135
412600,250000,3913,8364.212732766015,1.2,1252,367,18.83465371837465,864,92.4,7.4,1.6,1162,110,91.35220125786164,8.647798742138365,302,0.31995911065678506,0.09378993099923333,0.07717863531817021,0.2208024533605929
412700,137283,3540,4457.205123327126,0.5,772,195,25.847457627118644,596,87.1,6.0,2.4,1140,286,79.94389901823283,20.05610098176718,716,0.21807909604519773,0.05508474576271186,0.20225988700564973,0.16836158192090395
412800,233500,5179,6580.959974733587,1.5,1451,234,26.839158138636805,1223,90.0,4.7,2.6,1607,113,93.43023255813954,6.569767441860465,578,0.28016991697238847,0.04518246765784901,0.1116045568642595,0.23614597412627922
412900,64796,4155,5142.858452044833,4.1,817,225,48.42358604091456,593,69.4,9.3,10.1,555,1396,28.446950281906712,71.55304971809329,681,0.19663056558363418,0.05415162454873646,0.16389891696750902,0.14271961492178098
413000,161111,3728,5995.433615297547,1.4,1041,293,26.207081545064376,697,84.6,8.0,2.2,784,626,55.60283687943263,44.39716312056737,636,0.2792381974248927,0.07859442060085838,0.17060085836909872,0.1869635193133047
413100,250000,2827,5058.352977439069,6.0,795,180,18.853908737177218,588,82.2,1.6,3.1,887,96,90.23397761953204,9.766022380467955,310,0.2812168376370711,0.0636717368234878,0.10965688008489564,0.20799434029006014
413201,56250,2742,14686.573890868816,6.0,246,119,37.199124726477024,127,76.89999999999999,6.4,22.6,50,1490,3.2467532467532463,96.75324675324676,267,0.08971553610503283,0.04339897884755653,0.09737417943107221,0.04631655725747629
413202,67924,3980,18185.500724945796,5.0,409,139,44.92462311557789,252,80.2,7.9,13.0,656,1659,28.33693304535637,71.66306695464363,397,0.10276381909547738,0.03492462311557789,0.09974874371859296,0.06331658291457286
413300,94719,7833,6338.373678265908,4.7,1694,891,36.550491510277034,773,74.5,8.8,10.2,1718,1599,51.79378956888755,48.20621043111245,1159,0.2162645218945487,0.11374952125622367,0.14796374313800587,0.09868505042767778
420100,46634,2912,6499.744391748452,4.8,608,174,70.50137362637363,465,26.5,19.8,22.4,216,1226,14.979195561719832,85.02080443828017,167,0.2087912087912088,0.059752747252747256,0.057348901098901096,0.15968406593406592
420200,70182,2660,4199.248281514472,6.9,732,224,59.09774436090226,504,42.5,24.7,10.4,528,414,56.05095541401274,43.94904458598726,364,0.27518796992481204,0.08421052631578947,0.1368421052631579,0.18947368421052632
420300,98222,3575,3849.154654576538,6.1,853,152,26.517482517482517,699,71.5,5.4,7.2,825,703,53.99214659685864,46.00785340314136,597,0.2386013986013986,0.04251748251748252,0.16699300699300698,0.19552447552447552
420400,95586,3608,3796.2766678203434,6.0,712,251,21.840354767184035,443,78.60000000000001,12.7,10.4,1184,301,79.73063973063972,20.26936026936027,489,0.1973392461197339,0.06956762749445676,0.1355321507760532,0.12278270509977827
420500,36349,3926,4350.272232246581,6.9,1433,508,34.61538461538461,846,9.8,28.2,31.6,114,1068,9.64467005076142,90.35532994923858,337,0.3650025471217524,0.1293937850229241,0.0858380030565461,0.21548650025471217
420600,79828,2385,5126.578887,2.7,537,194,32.70440251572327,311,71.3,11.2,8.5,666,293,69.44734098,30.552659019812307,367,0.22515723270440252,0.08134171907756814,0.1538784067085954,0.13039832285115305
420700,150096,2805,3165.4365725601633,5.6,775,132,16.185383244206776,644,82.39999999999999,13.3,3.9,952,48,95.2,4.8,627,0.27629233511586454,0.047058823529411764,0.2235294117647059,0.22959001782531194
420800,186875,2183,2671.411092767422,2.3,537,138,23.86623912047641,445,88.0,7.2,2.5,713,56,92.71781534460338,7.282184655396619,467,0.24599175446633073,0.06321575813101236,0.21392579019697663,0.2038479157123225
420900,221579,7126,5311.285993869096,3.4,1792,339,26.382262138647206,1475,88.7,5.6,2.1,2378,140,94.44003177124702,5.559968228752978,1182,0.25147347740667975,0.0475722705585181,0.1658714566376649,0.20698849284310974
421000,160671,3113,4334.235984967394,1.3,923,155,28.07581111468037,757,90.8,5.8,1.8,945,179,84.07473309608541,15.92526690391459,303,0.29649855444908446,0.04979119820109219,0.0973337616447157,0.24317378734339865
421101,41338,3060,6318.193229972538,6.4,544,166,40.22875816993464,352,34.7,21.2,26.2,57,1390,3.939184519695923,96.06081548030409,88,0.17777777777777778,0.0542483660130719,0.02875816993464052,0.11503267973856209
421102,30267,5456,16847.139851093827,4.4,1919,828,29.215542521994134,1155,6.499999999999993,28.3,43.1,0,2065,0.0,100.0,81,0.3517228739002933,0.15175953079178886,0.014846041055718476,0.21169354838709678
421201,39020,5652,32107.09691418703,2.9,1665,513,35.881104033970274,1050,9.600000000000003,25.9,26.7,0,2163,0.0,100.0,75,0.2945859872611465,0.09076433121019108,0.01326963906581741,0.18577494692144372
421202,28064,5450,25044.540336389717,3.8,1941,597,25.541284403669724,1300,0.7999999999999936,24.2,46.1,0,1609,0.0,100.0,71,0.3561467889908257,0.10954128440366973,0.013027522935779816,0.23853211009174313
421300,32415,8107,14147.730546522782,8.6,2915,967,51.62205501418528,1974,35.599999999999994,31.2,36.0,291,2123,12.054681027340514,87.94531897265948,202,0.35956580732700133,0.11927963488343407,0.024916738620944862,0.24349327741458
421401,28217,3969,35998.839221102666,4.5,1578,637,40.99269337364576,890,20.3,37.9,44.0,32,1315,2.3756495916852263,97.62435040831475,78,0.3975812547241119,0.16049382716049382,0.019652305366591082,0.22423784328546234
421402,26624,3825,61452.57993594954,1.8,1284,518,24.62745098039216,721,5.2,34.5,46.8,0,1250,0.0,100.0,85,0.33568627450980393,0.1354248366013072,0.022222222222222223,0.18849673202614378
421403,28314,4521,17906.322012941506,3.2,1416,439,22.14111922141119,910,3.6999999999999975,26.5,37.9,210,1177,15.14059120403749,84.85940879596251,257,0.31320504313205044,0.09710241097102411,0.05684583056845831,0.20128290201282903
421500,31517,7897,13403.135659938567,2.7,2203,592,45.017095099404834,1570,19.799999999999997,28.1,29.8,134,2776,4.604810996563574,95.39518900343644,368,0.27896669621375203,0.07496517664936052,0.046599974673926806,0.1988096745599595
421600,31175,7173,12754.753462164736,6.3,2490,733,21.817928342395092,1682,11.700000000000005,24.7,31.4,169,2006,7.770114942528736,92.22988505747126,183,0.3471350899205353,0.10218876341837446,0.025512337933918862,0.23449045029973511
421700,69053,4715,6458.7359258750475,1.8,1354,466,33.84941675503711,834,52.099999999999994,12.2,19.8,1022,726,58.46681922196796,41.53318077803203,761,0.28716861081654294,0.09883351007423118,0.16139978791092258,0.17688229056203605
421800,48571,4474,9850.695383573551,1.9,871,298,51.698703620920874,645,53.599999999999994,17.9,9.3,643,1391,31.61258604,68.38741396263521,459,0.19468037550290568,0.06660706303084488,0.10259275815824766,0.14416629414394277
421900,162716,2701,4165.288967654642,1.3,749,367,14.735283228433913,275,89.0,4.0,2.1,1002,31,96.99903194578896,3.0009680542110355,571,0.2773047019622362,0.1358756016290263,0.21140318400592373,0.10181414291003332
422000,110871,2556,4527.945675564313,6.4,605,179,22.926447574334897,411,83.89999999999999,7.9,2.0,763,182,80.74074074074075,19.25925925925926,496,0.236697965571205,0.07003129890453834,0.19405320813771518,0.1607981220657277
422100,60833,5294,5716.587102604831,5.2,1231,287,46.50547789950888,914,40.8,27.0,15.6,1438,386,78.83771929824562,21.162280701754383,692,0.2325273894975444,0.05421231582924065,0.13071401586701928,0.17264828107291272
422200,23712,5433,7930.554442533697,17.6,1798,507,76.77158107859377,1190,5.599999999999994,33.4,37.7,174,1964,8.138447147,91.86155285313376,358,0.33094054849990795,0.09331860850358918,0.06589361310509848,0.21903184244432175
422301,28588,6886,19692.17791,3.1,1373,431,85.69561428986349,1066,20.199999999999996,24.8,28.7,682,2037,25.08275101140125,74.91724898859874,390,0.1993900668022074,0.06259076386871915,0.05663665408074354,0.15480685448736567
422302,58894,1741,6495.231334342011,4.3,265,69,60.02297530155083,225,28.300000000000004,23.1,10.6,504,317,61.38855054811205,38.61144945188794,235,0.15221137277426766,0.03963239517518667,0.134979896611143,0.1292360712234348
422401,26327,3686,11516.538932492516,1.6,765,360,74.03689636462289,395,25.4,34.3,37.7,300,1597,15.81444386,84.18555614,792,0.20754205100379816,0.09766684753119913,0.21486706456863808,0.10716223548562127
422402,46769,6395,12169.182255157612,2.8,1851,525,42.47068021892103,1350,20.9,18.1,18.0,842,1215,40.93339815264949,59.06660184735051,542,0.28944487881157155,0.08209538702111024,0.08475371383893666,0.2111024237685692
422500,42309,7283,10139.569623537896,6.3,2493,673,72.71728683,1817,27.4,22.0,29.3,718,1686,29.866888519134775,70.13311148086522,591,0.3423039956062062,0.09240697514760401,0.0811478786214472,0.24948510229301113
422600,55625,6816,7741.828809489677,3.1,1910,567,21.71361502347418,1178,35.2,23.6,22.6,982,1222,44.55535390199637,55.44464609800362,939,0.2802230046948357,0.08318661971830986,0.13776408450704225,0.1728286384976526
422701,52696,5917,8341.508785,3.4,1819,487,12.86124725367585,1399,12.9,27.2,18.3,791,797,49.81108312342569,50.18891687657431,423,0.30741930032110865,0.08230522224100051,0.07148893020111544,0.23643738380936286
422702,64500,3332,6711.6566820500575,7.5,702,194,15.21608643457383,514,35.0,27.6,14.9,794,300,72.57769652650823,27.422303473491773,399,0.21068427370948378,0.05822328931572629,0.11974789915966387,0.15426170468187275
422800,38264,5415,6097.3869989762325,9.7,1357,357,32.35457063711911,1040,27.5,19.9,26.6,536,1088,33.004926108374384,66.99507389162561,755,0.25060018467220685,0.06592797783933518,0.1394275161588181,0.19205909510618652
422900,38164,3974,6312.743541900932,3.9,995,249,28.43482637141419,782,20.200000000000003,28.3,36.5,497,1027,32.61154855643045,67.38845144356955,590,0.25037745344740814,0.0626572722697534,0.14846502264720685,0.19677906391545041
423000,33645,6004,8426.353880410627,8.0,2097,746,35.709526982011994,1357,16.4,30.0,34.7,307,1612,15.997915581031789,84.00208441896821,306,0.34926715522984675,0.12425049966688874,0.05096602265156562,0.2260159893404397
423100,35114,2711,4238.123729503796,2.6,963,492,33.16119513094799,448,0.1,35.8,34.9,0,924,0.0,100.0,37,0.35521947620804134,0.18148284765769088,0.01364810033198082,0.1652526742899299
423201,75500,3683,4877.585354482489,10.3,981,207,53.81482487102905,742,34.7,22.6,7.3,830,244,77.28119180633148,22.71880819366853,502,0.26635894651099645,0.05620418137387999,0.13630192777626934,0.20146619603584034
423202,32098,7948,14139.647327023493,6.1,2471,850,71.08706592853548,1666,10.099999999999994,31.9,31.1,323,2589,11.092032967032967,88.90796703296702,397,0.31089582284851536,0.10694514343231001,0.049949672873678914,0.20961248112732764
423301,50227,4472,6908.487915166079,10.0,762,271,55.09838998211091,508,37.7,19.2,11.6,915,931,49.56663055254605,50.43336944745395,708,0.17039355992844366,0.06059928443649374,0.15831842576028624,0.11359570661896243
423302,43137,5455,6909.173523485205,4.4,1443,473,68.24931255728688,960,22.700000000000003,23.5,16.6,874,1469,37.3026035,62.6973965,903,0.26452795600366635,0.08670944087992667,0.16553620531622365,0.1759853345554537
423401,59318,6255,7130.292942984354,2.5,1949,518,65.48361310951239,1450,25.700000000000003,21.6,14.9,998,864,53.598281417830286,46.40171858216971,676,0.31159072741806554,0.08281374900079937,0.10807354116706634,0.23181454836131096
423402,57424,4743,8009.619811768767,5.1,1159,166,85.53658022348725,945,21.90000000000001,26.9,17.6,1057,395,72.79614325,27.203856749311296,541,0.24436010963525195,0.034998945814885093,0.11406282943284841,0.19924098671726756
423500,88208,2001,4170.725394571048,7.3,276,76,47.426286856571714,188,48.60000000000001,17.6,16.9,644,63,91.08910891,8.910891089,466,0.13793103448275862,0.03798100949525238,0.23288355822088955,0.09395302348825588
423600,45858,7790,6111.992388753924,6.1,2207,577,70.12836970474969,1669,13.900000000000006,34.4,8.8,1803,688,72.38057005218788,27.61942994781212,784,0.2833119383825417,0.07406931964056483,0.1006418485237484,0.2142490372272144
430100,76786,5928,3485.587932076571,2.5,1004,283,21.912955465587043,788,75.1,10.1,12.2,1297,1593,44.878892733564015,55.121107266435985,1304,0.16936572199730093,0.04773954116059379,0.21997300944669365,0.1329284750337382
430200,82375,1489,5390.413260431102,1.5,306,45,22.834116856950978,260,71.3,13.6,3.3,232,446,34.21828908554572,65.78171091445427,207,0.20550705171255876,0.03022162525184688,0.13901947615849564,0.17461383478844864
430300,250000,4825,2419.6384657945564,6.6,1478,257,7.896373056994818,1165,95.7,2.4,1.0,1528,12,99.22077922077922,0.7792207792207793,852,0.3063212435233161,0.05326424870466321,0.176580310880829,0.24145077720207253
430400,250000,3398,1590.126642182875,1.8,721,95,14.302530900529725,702,90.5,5.9,4.1,1195,12,99.00579950289976,0.9942004971002486,897,0.21218363743378457,0.027957622130665098,0.26397881106533255,0.20659211300765157
430500,112935,2698,2930.0771185763233,3.5,821,126,21.682727946627132,729,81.8,12.7,9.0,627,351,64.11042944785275,35.88957055214724,420,0.30429948109710897,0.04670126019273536,0.15567086730911786,0.27020014825796884
430600,246250,3952,2728.6169313953274,2.9,1181,173,15.13157894736842,961,85.4,5.3,3.6,1182,48,96.09756097560977,3.902439024390244,651,0.29883603238866396,0.04377530364372469,0.16472672064777327,0.24316801619433198
430700,77917,3802,5279.608899681472,6.8,920,158,35.50762756443977,733,91.3,10.4,13.1,589,1127,34.324009324009324,65.67599067599068,862,0.24197790636507102,0.041557075223566546,0.22672277748553393,0.19279326670173594
430800,133196,6209,4756.142143934704,3.4,1731,420,24.818811402802385,1311,83.2,3.4,3.8,1192,1276,48.29821717990275,51.70178282009724,638,0.2787888548880657,0.06764374295377677,0.10275406667740376,0.21114511193428895
430900,103773,5587,5098.634052210102,3.0,1493,255,25.00447467334885,1243,86.9,3.3,7.6,2007,345,85.33163265306123,14.668367346938776,1261,0.2672274923930553,0.04564166815822445,0.22570252371576874,0.22248075890459995
431000,90600,6124,3790.692602273481,2.4,1475,789,9.846505551926846,695,85.4,4.3,4.7,1770,814,68.49845201238391,31.501547987616096,1092,0.24085564990202482,0.12883736120182887,0.178314826910516,0.11348791639451339
431101,46977,3868,11960.230921138118,2.4,240,105,46.14788004136505,100,52.39999999999999,8.9,11.8,717,1839,28.051643192488264,71.94835680751174,631,0.06204756980351603,0.027145811789038264,0.16313340227507755,0.025853154084798345
431102,55331,4297,11900.419439242376,1.3,798,174,43.2394694,620,41.8,21.7,22.2,350,1754,16.634980988593156,83.36501901140684,781,0.18571096113567606,0.040493367465673724,0.1817547125901792,0.14428671165929718
431201,36307,3788,14706.622411484012,4.0,447,325,49.208025343189014,106,41.400000000000006,11.0,23.5,16,2210,0.7187780772686434,99.28122192273136,444,0.11800422386483632,0.08579725448785638,0.11721224920802534,0.0279831045406547
431202,57923,6031,11818.633071517916,5.0,1688,841,39.92704361,829,73.3,10.6,25.7,704,1925,26.778242677824267,73.22175732217573,517,0.2798872492124026,0.1394461946609186,0.08572376057038633,0.13745647487978777
431301,55313,5711,19551.27639931123,0.8,791,163,32.56872701803537,580,52.1,20.7,7.1,502,2266,18.13583815028902,81.86416184971098,735,0.13850464016809666,0.028541411311504113,0.1286990019261075,0.10155839607774471
431302,102398,4503,8754.958907493117,5.5,1101,541,15.389740173217856,535,82.60000000000001,3.4,2.5,1221,784,60.89775561097257,39.10224438902743,617,0.24450366422385075,0.12014212747057518,0.13701976460137685,0.11880968243393293
431401,71129,1937,13756.783267774365,4.2,261,147,21.889519876097054,124,73.0,10.3,6.2,332,728,31.32075471698113,68.67924528301886,204,0.13474445018069178,0.07589055240061951,0.10531750129065565,0.06401652039235932
431402,83730,3329,11972.384495764236,6.3,386,220,28.416942024632014,166,78.60000000000001,4.9,7.9,783,1286,37.84436926051232,62.15563073948768,394,0.11595073595674377,0.06608591168519075,0.11835386001802344,0.04986482427155302
431501,79026,4718,11823.37156932676,1.6,482,249,22.97583721916066,230,84.3,9.1,2.9,1447,1392,50.96865093342726,49.03134906657274,968,0.10216193302246715,0.05277660025434506,0.20517168291649004,0.048749470114455275
431502,120556,3635,8530.744700640375,0.5,650,224,26.354883081155435,438,89.9,6.0,8.7,982,680,59.08543922984356,40.91456077015644,593,0.17881705639614856,0.06162310866574965,0.16313617606602476,0.12049518569463549
431600,150625,2954,2594.548906149863,1.2,349,74,3.6899119837508465,311,90.9,4.1,2.0,1194,193,86.08507570295602,13.91492429704398,1114,0.11814488828706839,0.025050778605280974,0.37711577522004064,0.1052809749492214
431700,166862,4642,4042.291600710203,4.1,561,135,14.368806548901336,486,84.2,5.2,5.9,1569,565,73.52389878163073,26.47610121836926,1608,0.12085308056872038,0.02908229211546747,0.34640241275312367,0.1046962516156829
431801,99375,3611,7596.985806362703,4.8,554,149,31.76405427859319,407,83.2,6.8,2.2,611,1101,35.68925234,64.31074766355141,554,0.1534201052340072,0.04126280808640266,0.1534201052340072,0.11271116034339518
431802,119125,4700,8919.303536828553,2.6,517,263,25.659574468085104,232,71.5,7.6,6.4,552,2112,20.72072072072072,79.27927927927928,450,0.11,0.05595744680851064,0.09574468085106383,0.04936170212765958
431900,95718,4779,9666.449931738662,2.6,527,282,44.59091860221804,243,81.0,6.2,8.2,649,2243,22.44121715076072,77.55878284923928,589,0.11027411592383343,0.059008160703075956,0.12324754132663737,0.05084745762711865
432001,60435,4265,7668.444921807888,3.4,972,428,35.12309495896835,520,56.099999999999994,6.8,12.7,654,1284,33.746130030959755,66.25386996904025,257,0.22790152403282532,0.10035169988276671,0.06025791324736225,0.12192262602579132
432002,33478,4753,17464.25357934525,5.2,1005,483,43.08857563644014,491,22.300000000000004,16.6,27.8,150,2150,6.521739130434782,93.47826086956522,181,0.21144540290342942,0.101620029455081,0.038081211866189776,0.10330317694087944
432100,46122,6053,9779.314224240989,8.2,1171,739,47.59623327275731,429,48.599999999999994,15.1,18.0,373,2415,13.378766140602584,86.62123385939742,268,0.19345778952585496,0.12208822071699983,0.04427556583512308,0.07087394680323807
432200,46167,4494,6952.1813589035655,5.7,811,616,32.42100578549177,157,40.2,15.3,7.9,769,1294,37.27581192438197,62.72418807561804,529,0.18046283934134402,0.13707165109034267,0.11771250556297286,0.034935469514908765
432300,43177,7339,10851.55292657082,10.8,1633,530,50.12944542853249,1034,28.199999999999996,21.2,21.8,116,3307,3.388840199,96.61115980134385,216,0.22250987873007222,0.0722169232865513,0.029431802697915246,0.14089112958168687
432400,36284,6174,8821.289937,4.8,926,427,52.78587625526401,428,33.99999999999999,25.5,23.5,852,2268,27.307692307692307,72.69230769,421,0.14998380304502754,0.0691609977324263,0.06818918043407839,0.06932296728215095
432500,31466,5289,8250.436465872173,6.6,1191,283,37.02023066742296,1014,32.900000000000006,23.3,37.4,710,1596,30.789245446660885,69.21075455333911,387,0.2251843448667045,0.0535072792588391,0.07317073170731707,0.19171866137266025
432600,45661,2026,3231.7469258733154,5.7,523,183,27.295162882527148,384,40.400000000000006,24.9,15.3,234,675,25.742574257425744,74.25742574257426,188,0.2581441263573544,0.09032576505429418,0.09279368213228036,0.1895360315893386
432701,24107,5984,13480.084295039956,8.4,1999,881,25.60160427807487,1099,6.400000000000006,23.1,50.9,99,2031,4.647887323943662,95.35211267605634,166,0.33405748663101603,0.147225935828877,0.027740641711229946,0.18365641711229946
432702,62878,4036,9081.062184843577,4.0,700,103,35.133795837462834,592,43.4,11.6,11.8,419,1390,23.16196793808734,76.83803206191267,278,0.1734390485629336,0.025520317145688802,0.0688800792864222,0.1466798810703667
432801,35156,4890,5590.940875704199,7.3,1273,453,58.54805726,810,24.9,30.1,32.2,506,1559,24.50363196125908,75.49636803874093,214,0.2603271983640082,0.09263803680981596,0.04376278118609407,0.1656441717791411
432802,23609,6464,12929.78449127678,4.0,1902,844,62.020420792079214,1101,16.200000000000006,28.0,39.5,158,2193,6.720544449170565,93.27945555082944,935,0.2942450495049505,0.13056930693069307,0.14464727722772278,0.1703279702970297
432901,28534,3042,5384.211157603789,1.9,960,280,39.67784352399737,655,15.500000000000004,34.1,36.6,206,916,18.36007130124777,81.63992869875223,188,0.3155818540433925,0.09204470742932282,0.06180144641683103,0.21531886916502302
432902,34542,6203,10549.995519696004,6.2,1483,462,59.39061744317266,1040,26.2,27.8,29.8,492,1838,21.115879828326182,78.88412017167383,313,0.23907786554892793,0.0744800902788973,0.05045945510236982,0.16766080928582944
433001,25844,5722,11621.213889448996,7.7,1523,283,58.07409996504719,1329,20.300000000000004,28.6,36.4,0,1878,0.0,100.0,346,0.2661656763369451,0.04945823138762671,0.06046836770360014,0.23226144704648724
433002,28077,3385,13628.895122624284,2.7,740,301,58.31610044313146,425,31.9,29.6,31.2,38,1400,2.642559109874826,97.35744089012516,95,0.21861152141802068,0.08892171344165435,0.028064992614475627,0.1255539143279173
433003,23621,5787,16206.107499706555,5.1,1776,495,77.24209434940383,1317,31.4,32.7,41.8,96,1801,5.060622034791776,94.93937796520822,401,0.3068947641264904,0.08553654743390357,0.06929324347675825,0.22757905650596164
433100,29342,4022,12193.491488961132,6.3,1598,438,57.88165091994033,1245,3.800000000000004,33.7,30.3,30,1174,2.491694352159469,97.50830564784052,20,0.39731476877175537,0.10890104425658877,0.004972650422675286,0.30954748881153654
433201,35598,4940,11673.330228117218,7.8,1127,356,69.89878542510122,700,56.3,23.2,25.0,674,1196,36.04278075,63.957219251336895,685,0.22813765182186235,0.07206477732793522,0.13866396761133604,0.1417004048582996
433202,46677,4269,9616.053530364776,8.6,1073,210,66.54954321855236,776,34.8,32.0,25.2,586,710,45.21604938271605,54.78395061728395,503,0.25134691965331457,0.049191848208011243,0.11782618880299836,0.181775591473413
433300,65400,5121,5476.421197951513,4.7,1297,340,37.86369849638743,959,48.8,16.0,26.7,1154,394,74.54780361757106,25.452196382428944,849,0.25327084553798085,0.06639328256199961,0.16578793204452255,0.1872681116969342
433400,32526,4295,6624.041083107862,6.6,1018,334,50.31431897555297,688,20.6,29.7,30.0,424,1249,25.343693962940826,74.65630603705917,289,0.2370197904540163,0.07776484284051223,0.06728754365541327,0.16018626309662398
433501,27353,5593,11595.37044893864,2.1,1951,542,52.85177900947613,1246,3.4999999999999947,26.3,43.1,136,1773,7.1241487689889995,92.87585123,113,0.34882889325943145,0.09690684784552119,0.0202038262113356,0.2227784730913642
433502,25766,8242,26569.630584715043,12.5,3205,1266,53.530696432904634,2074,11.500000000000009,27.0,40.0,267,2633,9.206896551724135,90.79310344827586,117,0.3888619267168163,0.15360349429750061,0.014195583596214511,0.2516379519534094
433600,38862,6571,11781.418036934692,10.0,2033,722,71.22203621975346,1282,7.899999999999999,41.4,25.3,151,2334,6.076458752515091,93.92354125,328,0.30938974280931364,0.10987673109115811,0.049916298889057985,0.19509968041394005
440100,53929,7513,3548.5246768954453,8.2,1781,328,63.19712498336217,1389,23.9,14.4,21.4,1394,1526,47.73972602739726,52.26027397260275,774,0.23705576999866898,0.0436576600559031,0.10302142952216159,0.1848795421269799
450100,127188,2023,6334.211609502724,5.3,632,122,15.076618882847256,489,76.9,5.0,5.3,602,109,84.66947960618847,15.330520393811534,249,0.31240731586752346,0.06030647553138903,0.12308452792881859,0.2417202174987642
450200,117760,5450,5217.271640489372,3.0,1846,286,21.28440366972477,1453,83.89999999999999,8.3,1.2,1419,494,74.17668583376896,25.82331416623105,653,0.3387155963302752,0.052477064220183486,0.11981651376146789,0.266605504587156
450300,69265,8570,8630.666638784007,4.3,2595,594,37.724620770128354,2060,48.099999999999994,15.6,19.4,1234,1632,43.05652477320307,56.94347522679693,833,0.30280046674445743,0.06931155192532089,0.09719953325554259,0.24037339556592766
450400,70614,4612,6110.612233090873,5.0,1362,259,49.111014744145706,1195,37.900000000000006,16.7,18.0,595,1180,33.52112676056338,66.47887323943662,586,0.295316565481353,0.056157849089332176,0.12705984388551606,0.2591066782307025
450500,149375,2915,2569.740769972705,3.1,647,195,17.667238421955403,457,77.2,7.0,2.3,907,217,80.69395017793595,19.306049822064058,807,0.22195540308747855,0.06689536878216124,0.27684391080617493,0.15677530017152658
450600,82639,4124,5661.951598216404,2.8,1119,351,27.376333656644036,744,78.4,6.6,7.3,785,984,44.37535330695308,55.62464669304692,706,0.2713385063045587,0.08511154219204656,0.17119301648884577,0.18040737148399613
450700,226602,6205,3618.7359140412946,1.5,2043,591,5.705076551168413,1338,94.7,7.1,2.2,1862,171,91.58878504672896,8.411214953271028,1136,0.3292506043513296,0.09524576954069298,0.1830781627719581,0.21563255439161966
450801,53841,1656,4657.693752782469,3.8,353,192,31.88405797101449,112,58.3,12.9,5.9,169,745,18.49015317286652,81.50984682713349,243,0.21316425120772947,0.11594202898550725,0.14673913043478262,0.06763285024154589
450802,53158,8058,12146.098225571715,4.0,2594,807,52.15934475055845,1593,41.7,13.0,21.5,612,2424,20.158102766798415,79.84189723320159,704,0.3219161082154381,0.10014892032762472,0.08736659220650285,0.19769173492181683
450900,92115,3091,4935.838159899606,0.8,709,153,34.87544483985765,452,69.8,9.9,9.8,716,540,57.00636942675159,42.99363057324841,316,0.22937560659980588,0.04949854416046587,0.10223228728566806,0.14623099320608218
451001,45864,5349,10510.48516686412,3.5,1203,254,46.21424565339317,949,42.8,11.6,29.7,707,1531,31.590705987488832,68.40929401251117,613,0.22490185081323613,0.04748551131052533,0.11460085997382688,0.1774163395027108
451002,57500,5365,23164.35664131906,11.6,1096,383,60.37278657968314,751,19.499999999999993,22.2,17.4,333,1971,14.453125,85.546875,183,0.204287045666356,0.07138863000931966,0.03410997204100653,0.13998136067101585
451100,88412,3911,4123.825639029829,5.5,762,263,31.168499105088216,525,60.3,13.8,17.6,1178,782,60.10204081632653,39.89795918367347,813,0.19483508054206086,0.06724622858603937,0.2078752237279468,0.13423676809000257
451200,152419,2635,3983.7574934932018,2.2,593,284,12.06831119544592,309,83.80000000000001,7.5,0.3,909,99,90.17857142857144,9.821428571428571,604,0.22504743833017077,0.10777988614800758,0.22922201138519924,0.11726755218216318
451300,82094,7329,6158.2598933812715,7.6,1338,351,33.72902169463774,903,61.400000000000006,12.0,10.0,1977,1074,64.79842675,35.20157325,1333,0.18256242325010233,0.04789193614408514,0.18188020193750853,0.12320916905444126
451401,46495,3392,8100.054277527622,10.8,675,243,32.134433962264154,411,60.7,23.2,13.3,591,1154,33.86819484240688,66.13180515759312,513,0.19899764150943397,0.07163915094339622,0.15123820754716982,0.12116745283018868
451402,52632,4919,9222.014871141091,6.9,1084,115,34.41756454563936,1016,36.9,20.5,7.4,369,2168,14.54473788,85.45526212061489,312,0.22036999390119943,0.023378735515348647,0.06342752591990242,0.20654604594429762
451403,54578,5696,12503.06246557007,1.9,1067,313,59.69101123595506,742,45.8,17.8,10.5,342,2707,11.216792390947852,88.78320760905216,233,0.1873244382022472,0.05495084269662921,0.040905898876404494,0.13026685393258428
451500,61135,5340,6805.0199087356605,2.5,923,584,30.786516853932586,210,59.099999999999994,11.2,12.1,431,2403,15.20818630910374,84.79181369089626,447,0.17284644194756554,0.10936329588014981,0.08370786516853933,0.03932584269662921
451601,94917,7435,5737.42813,3.5,2239,725,41.81573638197714,1366,71.7,4.1,4.6,1743,1350,56.35305528612997,43.64694471387003,1698,0.3011432414256893,0.09751176866173504,0.22837928715534633,0.18372562205783458
451602,87732,9604,5823.897088376549,3.6,2355,726,43.58600583090379,1719,69.2,11.6,7.3,1307,2457,34.72369819341126,65.27630180658873,807,0.24521032902957102,0.07559350270720533,0.08402748854643899,0.17898792169929195
451700,56006,3862,5694.181945,3.0,806,293,67.19316416364578,581,37.2,18.3,21.7,739,957,43.57311320754717,56.426886792452834,278,0.20870015535991715,0.07586742620403936,0.07198342827550493,0.15044018643190057
451800,59730,5399,2921.1102464712553,6.7,811,302,58.659010927949616,557,32.8,24.0,13.9,1140,845,57.43073047858942,42.56926952141058,589,0.15021300240785332,0.0559362844971291,0.10909427671791072,0.10316725319503611
451901,38581,7288,9103.033278,6.1,1629,717,67.49451152579583,933,27.200000000000003,23.5,17.0,884,2558,25.68274259151656,74.31725740848344,236,0.22351811196487376,0.09838090010976948,0.03238199780461032,0.12801866081229418
451902,98542,2420,3046.7540677843053,8.7,368,100,55.41322314049587,331,82.5,12.4,7.9,790,103,88.46584546472565,11.534154535274356,440,0.15206611570247933,0.04132231404958678,0.18181818181818182,0.13677685950413224
452000,46146,8259,10898.963248228772,6.4,1938,619,49.64281389998789,1182,34.8,19.0,25.8,669,3003,18.21895424836601,81.78104575163398,721,0.2346531057028696,0.07494854098559148,0.08729870444363724,0.143116600072648
452100,51483,11307,6466.783418444627,6.1,2621,1399,62.09427788095869,1245,37.7,16.3,19.6,632,4340,12.711182622687048,87.28881737731295,1378,0.23180330768550456,0.12372866365967984,0.12187140709295127,0.11010878217033696
452201,38420,5402,10268.72912450011,4.5,1004,159,67.23435764531655,833,25.699999999999996,25.1,17.6,257,2649,8.843771507226428,91.15622849277358,134,0.18585708996667902,0.02943354313217327,0.02480562754535357,0.15420214735283228
452202,41590,3781,6541.727729568595,9.8,942,325,74.45120338534778,636,20.700000000000003,13.8,24.3,204,1521,11.826086956521738,88.17391304347825,136,0.24914043903729172,0.08595609627082783,0.03596932028563872,0.1682094683946046
452300,47778,2467,3172.6272908802844,3.6,487,126,68.42318605593839,425,42.2,29.2,9.1,530,208,71.81571815718158,28.184281842818425,286,0.19740575597892177,0.0510741791649777,0.11593027969193352,0.1722740170247264
452400,34788,7546,8693.294078,3.2,2210,405,59.037900874635575,1790,42.2,30.2,24.6,1326,1170,53.125,46.875,765,0.29287039491121125,0.053670818976941426,0.10137821362311158,0.2372117678240127
452500,38311,7684,6281.965724,4.5,2019,627,61.40031233732432,1541,32.7,25.4,14.2,938,1474,38.88888888888889,61.111111111111114,797,0.2627537740760021,0.08159812597605413,0.10372201978136388,0.20054659031754293
452600,38941,9195,9038.984221779172,8.3,3024,812,81.90320827,2161,42.7,30.7,32.8,690,1959,26.047565118912797,73.95243488,394,0.3288743882544861,0.08830886351277868,0.04284937466014138,0.23501903208265362
452700,41028,13362,7498.044128,4.4,3426,942,82.91423439604849,2645,47.3,26.5,12.7,1920,1926,49.921996879875195,50.078003120124805,1382,0.25639874270318813,0.07049842837898518,0.10342763059422243,0.19794940877114203
452801,44219,5817,9411.186366500806,6.7,1672,590,72.82104177411036,1098,39.6,26.6,23.6,1110,790,58.42105263157895,41.578947368421055,649,0.2874333849063091,0.10142685232937941,0.11156953756231734,0.1887570912841671
452802,41923,7237,14436.384642793046,3.2,2180,635,64.64004421721708,1617,29.0,32.8,24.3,732,1142,39.060832443970114,60.939167556029886,388,0.3012297913500069,0.08774354014094238,0.05361337570816637,0.22343512505181706
452900,49089,4755,9365.939432295609,9.0,1380,330,64.10094637223975,1054,24.199999999999996,25.1,28.0,607,496,55.031731640979146,44.968268359020854,392,0.2902208201892745,0.0694006309148265,0.08243953732912723,0.22166140904311252
453000,46431,8159,7714.412381768216,4.0,2092,710,57.56832945213874,1382,18.1,31.1,18.4,1420,746,65.55863342566943,34.44136657433056,581,0.2564039710748866,0.08702046819463169,0.07120970707194509,0.16938350288025494
453100,27247,4216,4920.264522570371,6.2,1236,219,57.06831119544592,942,20.7,22.1,31.0,438,1053,29.376257545271628,70.62374245472837,369,0.29316888045540795,0.0519449715370019,0.08752371916508539,0.22343453510436434
453200,36496,8861,13024.135908000257,7.2,2636,774,63.59327389685138,2043,13.6,33.7,26.9,490,2291,17.61956131,82.38043869111831,623,0.29748335402324794,0.08734905766843472,0.0703080916375127,0.23056088477598466
453300,26860,3676,4646.831425704324,18.2,1268,397,71.24591947769315,788,9.4,25.7,49.3,40,1208,3.205128205128205,96.79487179,74,0.34494015233949943,0.10799782372143635,0.02013057671381937,0.21436343852013057
453401,44500,3143,8540.994911,9.2,829,207,41.67992363983456,601,24.0,30.9,18.4,478,540,46.95481335952849,53.045186640471506,307,0.263760738148266,0.06586064269805918,0.09767737830098631,0.19121858097359212
453402,49119,7644,8227.255675804916,5.1,1809,494,60.49188906331763,1280,27.700000000000003,34.0,18.0,1130,1583,41.65130851455952,58.34869148544048,601,0.23665620094191522,0.06462585034013606,0.07862375719518577,0.1674515960230246
453403,30827,4589,17383.50129732665,8.0,1295,363,66.17999564175201,925,20.6,30.5,33.4,312,1372,18.52731591448931,81.47268408551069,382,0.2821965569840924,0.07910220091523208,0.08324253650032687,0.20156896927435172
453501,46937,6824,11532.799816729888,4.5,1729,432,59.14419695193435,1316,29.9,25.9,12.8,1053,1071,49.57627118644068,50.42372881355932,619,0.2533704572098476,0.06330597889800703,0.09070926143024619,0.19284876905041032
453502,44455,3768,7466.337991387682,6.7,1302,242,43.76326963906582,1047,15.9,32.6,21.2,572,516,52.57352941176471,47.42647058823529,288,0.34554140127388533,0.06422505307855626,0.07643312101910828,0.2778662420382166
453601,31281,2308,4980.136365757355,4.1,640,127,64.47140381282496,479,19.9,30.8,26.0,277,394,41.28166915052161,58.71833084947839,190,0.2772963604852686,0.055025996533795495,0.08232235701906412,0.20753899480069324
453602,38666,8321,8424.806770536377,8.5,2090,551,57.70940993,1433,22.999999999999996,27.2,19.4,1155,1344,46.21848739495798,53.78151260504202,873,0.2511717341665665,0.06621800264391299,0.1049152746064175,0.1722148780194688
453700,50647,9123,10126.962178845562,7.9,2420,706,67.01742847747451,1539,20.0,31.6,16.0,1322,1341,49.64325948178745,50.35674051821254,590,0.2652636194234353,0.07738682450948153,0.06467170886769703,0.16869450838539954
453800,54549,4293,6122.934612,5.5,1152,255,62.45050081528069,1010,14.0,32.4,19.8,655,441,59.762773722627735,40.237226277372265,438,0.26834381551362685,0.0593990216631726,0.10202655485674354,0.23526671325413465
453900,50470,10803,8586.014932450964,6.6,2606,922,75.34018328242155,1728,46.49999999999999,29.5,10.0,1926,1174,62.12903225806452,37.87096774193549,1018,0.2412292881606961,0.08534666296399149,0.09423308340275849,0.15995556789780616
454000,62639,5201,6460.549675714877,7.7,1132,238,67.50624879830802,965,37.8,33.0,9.2,1289,234,84.63558765594222,15.36441234405778,623,0.21765045183618534,0.04576043068640646,0.11978465679676985,0.1855412420688329
454100,59089,3784,5635.850052061165,1.8,860,197,59.43446088794926,674,37.00000000000001,25.4,3.2,623,495,55.72450805008945,44.27549194991055,409,0.22727272727272727,0.052061310782241015,0.10808668076109937,0.1781183932346723
454200,74009,4453,7886.693956056439,5.4,1034,186,35.998203458342694,892,18.800000000000004,34.0,4.9,1003,170,85.50724638,14.492753623188406,429,0.232203009207276,0.041769593532450036,0.09633954637323153,0.2003143947900292
454301,53178,11974,7837.88454744612,3.8,3121,889,75.48855854351095,1993,24.200000000000003,31.2,14.4,1372,2972,31.583793738489874,68.41620626151013,1246,0.2606480708201102,0.07424419575747453,0.1040587940537832,0.1664439619174879
454302,56717,6375,6000.467720222231,4.3,1015,332,51.82745098039215,662,34.7,30.8,11.5,1650,633,72.27332457293035,27.726675427069647,881,0.1592156862745098,0.05207843137254902,0.13819607843137255,0.10384313725490196
454400,44526,1186,90.58848593,0.0,450,256,71.16357504215851,183,33.8,2.8,5.0,0,461,0.0,100.0,32,0.3794266441821248,0.21585160202360876,0.026981450252951095,0.1543001686340641
454501,181544,9778,2204.701357168722,3.4,2659,647,31.43792186541215,2046,87.6,8.4,1.9,2761,421,86.76932746700189,13.230672532998112,1004,0.2719370014317856,0.06616895070566578,0.10267948455716916,0.20924524442626305
454502,204250,2540,868.8100953056866,5.5,776,118,34.56692913385827,673,85.5,7.5,6.7,720,85,89.44099378881988,10.559006211180124,207,0.30551181102362207,0.046456692913385826,0.08149606299212599,0.26496062992125985
454600,73088,5031,3891.8555229978488,0.0,1142,169,13.396938978334328,1003,67.5,8.8,3.4,660,1544,29.945553539019965,70.05444646098003,633,0.22699264559729676,0.03359173126614987,0.12581991651759095,0.19936394354999007
454700,124272,6949,5154.630033008971,4.3,1666,378,15.19643114117139,1328,81.2,16.7,8.2,1983,358,84.70739000427167,15.29260999572832,944,0.23974672614764714,0.05439631601669305,0.13584688444380486,0.19110663404806447
454800,59490,8434,7432.938895450333,6.0,2269,611,23.666113350723265,1863,60.3,19.3,11.1,1795,1288,58.22251054168019,41.77748945831981,930,0.2690301161963481,0.07244486601849656,0.11026796300687693,0.22089162912022764
454900,97065,12205,6814.043597,5.8,3496,809,32.85538714,2672,69.3,14.2,4.7,2718,997,73.1628533,26.8371467025572,902,0.2864399836132733,0.0662843097091356,0.07390413764850472,0.2189266693977878
455000,121250,2838,5612.388870250801,7.5,682,134,13.03735024665257,605,75.5,15.3,5.7,645,332,66.01842374616172,33.98157625383828,259,0.24031007751937986,0.047216349541930935,0.09126145172656801,0.2131782945736434
455101,75346,7134,6764.425491511605,9.6,1794,531,19.722455845248103,1268,60.599999999999994,20.7,4.9,1753,667,72.43801652892562,27.56198347107438,705,0.2514718250630782,0.0744322960470984,0.09882253994953742,0.17774039809363612
455102,110114,2920,4696.769001242237,3.5,598,171,26.061643835616437,428,76.9,14.4,1.5,849,172,83.15377081292851,16.846229187071497,301,0.2047945205479452,0.05856164383561644,0.10308219178082192,0.14657534246575343
455200,85319,4332,4020.203594413363,7.9,1045,212,20.013850415512465,893,63.3,17.7,4.4,1230,258,82.66129032258065,17.338709677419356,676,0.2412280701754386,0.048938134810710986,0.15604801477377656,0.20614035087719298
455300,65777,10991,5169.548221337682,6.8,2791,941,34.52825038668001,1998,52.8,13.0,9.2,797,3737,17.57829730921923,82.42170269078076,438,0.2539350377581658,0.0856155035938495,0.03985078700755163,0.18178509689746156
510100,133854,2344,4063.142094865406,2.7,280,84,30.802047781569964,162,62.099999999999994,8.5,3.6,650,535,54.85232067510548,45.14767932489451,141,0.11945392491467577,0.03583617747440273,0.06015358361774744,0.06911262798634812
510200,95523,6627,4784.796164412666,2.2,671,257,38.750565866908104,402,59.3,6.8,11.4,862,2544,25.30827950675279,74.69172049324722,562,0.10125245208993511,0.038780745435340276,0.08480458729440168,0.06066093254866455
510300,116959,5123,5504.305289,0.6,1051,289,4.821393714620339,727,87.60000000000001,4.2,2.5,1748,682,71.93415637860082,28.06584362139918,586,0.20515323052898693,0.05641225844231895,0.11438610189342183,0.14190903767323834
510400,90052,3870,6746.233935,2.4,792,340,13.462532299741603,354,80.5,3.9,6.0,947,1056,47.27908138,52.720918622066904,318,0.20465116279069767,0.08785529715762273,0.08217054263565891,0.09147286821705426
510500,142778,3733,5494.067784357171,5.0,468,342,16.822930618805252,143,81.80000000000001,7.4,3.4,1047,851,55.16332982086407,44.836670179135936,254,0.12536833645861237,0.09161532279667828,0.06804178944548621,0.03830699169568712
510600,134071,7004,8684.636973538227,1.0,586,391,22.52998286693318,80,72.60000000000001,5.9,3.4,2075,1531,57.54298391569607,42.45701608430394,148,0.08366647629925757,0.055825242718446605,0.0211307824100514,0.011422044545973729
510700,123719,4905,11609.67522072034,2.0,510,384,30.601427115188585,149,80.19999999999999,4.0,4.2,1090,1591,40.65647146587094,59.34352853412905,148,0.10397553516819572,0.0782874617737003,0.03017329255861366,0.03037716615698267
510800,141742,8400,2433.7601183479137,1.1,660,163,19.035714285714285,618,76.6,6.3,4.6,2818,1448,66.05719643694327,33.94280356305673,753,0.07857142857142857,0.019404761904761904,0.08964285714285715,0.07357142857142857
510900,131659,7568,3586.977124643002,2.4,1083,654,24.22040169133193,387,70.19999999999999,3.7,4.1,2298,1295,63.95769551906485,36.04230448093515,361,0.14310253699788583,0.08641649048625792,0.047700845665961944,0.05113636363636364
511001,73043,3108,3510.264999154809,2.8,654,319,10.93951093951094,335,76.8,13.5,8.4,819,547,59.956076134699856,40.043923865300144,487,0.21042471042471042,0.10263835263835264,0.1566924066924067,0.10778635778635778
511002,80913,4400,5380.744718622044,1.1,621,95,20.65909090909091,526,67.39999999999999,18.6,3.5,839,1386,37.70786516853933,62.29213483146068,434,0.14113636363636364,0.02159090909090909,0.09863636363636363,0.11954545454545455
511100,122917,3514,4814.732076101743,0.8,459,219,23.790552077404666,253,69.6,10.3,5.0,955,683,58.30280830280831,41.6971917,373,0.13062037564029597,0.06232214001138304,0.10614684120660216,0.0719977233921457
511200,147619,5998,7385.792310155874,3.9,907,409,13.254418139379792,556,70.89999999999999,6.9,3.3,2108,626,77.10314557425019,22.896854425749815,563,0.1512170723574525,0.0681893964654885,0.0938646215405135,0.09269756585528509
511301,115050,4124,5909.633442074553,5.4,831,319,12.657613967022307,456,75.60000000000001,14.6,6.9,1250,655,65.61679790026247,34.38320209973753,396,0.20150339476236664,0.07735208535402521,0.09602327837051407,0.11057225994180407
511302,109778,3716,6059.843692854917,0.6,597,198,7.669537136706135,393,87.8,9.1,12.9,1044,834,55.59105431309904,44.40894568690096,442,0.16065662002152853,0.053283100107642624,0.11894510226049515,0.10575888051668461
511400,111897,3113,7036.152999508294,2.7,451,249,20.205589463539994,202,65.19999999999999,10.4,13.3,898,570,61.17166212534059,38.82833787465941,313,0.14487632508833923,0.07998715065852875,0.1005460970125281,0.06488917442981047
511500,124879,8052,6770.960833684829,2.7,1564,801,8.755588674,698,60.6,14.4,5.6,2124,1284,62.323943661971825,37.67605633802817,613,0.1942374565325385,0.09947839046199702,0.07613015399900645,0.08668653750620964
511600,59038,3542,4706.802683182635,3.4,529,185,19.621682665160925,361,35.8,18.9,16.5,909,587,60.76203209,39.23796791443851,453,0.14935064935064934,0.05223037831733484,0.12789384528514963,0.10191981931112366
520100,118684,2088,1832.726689242249,1.3,414,100,29.789272030651343,336,63.4,12.1,6.3,373,523,41.629464285714285,58.37053571428571,208,0.19827586206896552,0.04789272030651341,0.09961685823754789,0.16091954022988506
520200,90125,3363,4628.257828862233,4.3,729,181,34.463276836158194,517,67.3,22.8,5.7,767,633,54.785714285714285,45.214285714285715,460,0.2167707404103479,0.053820993160868275,0.1367826345524829,0.15373178709485577
520300,44643,5355,9372.186211111091,7.4,1011,387,56.75070028011204,635,33.900000000000006,26.6,35.2,558,1342,29.368421052631575,70.63157894736842,488,0.1887955182072829,0.07226890756302522,0.0911297852474323,0.11858076563958916
520400,31471,3303,4187.622719976353,10.3,703,271,64.88041174689675,479,19.7,36.3,26.1,208,945,18.039895923677363,81.96010407632264,229,0.21283681501665153,0.0820466242809567,0.06933091129276416,0.1450196790796246
520500,40463,9579,3310.552394362601,6.9,2978,785,58.57605177993528,2517,11.299999999999995,34.0,36.9,1065,1620,39.66480446927375,60.33519553072626,536,0.3108884017120785,0.08195009917527926,0.05595573650694227,0.2627622925148763
520601,36250,2726,3594.072418974475,5.9,824,241,68.78209831254586,582,20.000000000000007,36.4,41.6,218,589,27.01363073110285,72.98636926889715,231,0.30227439471753487,0.0884079236977256,0.0847395451210565,0.21349963316214232
520602,40955,5681,10923.616502962945,6.8,1800,418,65.34060904770287,1341,17.6,31.4,25.1,839,1070,43.94971189104243,56.05028810895757,427,0.3168456257701109,0.07357859531772576,0.07516282344657631,0.23604999119873263
520700,126500,4334,5705.915303173212,5.5,1329,399,32.76419012459621,926,66.0,13.2,8.5,1040,334,75.69141193595343,24.308588064046575,514,0.306645131518228,0.09206275957544993,0.11859713890170744,0.2136594370096908
521000,38807,2620,5758.941248105662,11.4,893,349,63.43511450381679,574,26.6,19.2,42.4,281,489,36.493506493506494,63.50649350649351,151,0.34083969465648856,0.13320610687022902,0.057633587786259544,0.21908396946564884
521100,37375,2304,9983.2744622007,6.2,696,203,77.95138888888889,463,15.099999999999994,21.3,32.1,125,531,19.054878048780488,80.94512195,126,0.3020833333333333,0.0881076388888889,0.0546875,0.2009548611111111
521200,39534,5804,8009.867284296438,4.0,1648,485,66.36802205375602,1169,15.899999999999997,27.1,16.9,716,1401,33.82144544166273,66.17855455833727,399,0.2839421088904204,0.08356305995864921,0.06874569262577533,0.2014128187456926
521300,44574,5461,4779.864705181161,4.6,1562,365,59.98901300128182,1156,31.6,30.3,27.2,1182,744,61.37071651090342,38.62928348909657,601,0.2860281999633767,0.06683757553561619,0.11005310382713789,0.2116828419703351
521400,37500,7766,13234.93479,5.9,2636,857,70.73139325,1724,4.7999999999999945,28.8,39.5,501,1617,23.65439093484419,76.34560906515581,246,0.3394282771053309,0.11035281998454803,0.03167653875869173,0.22199330414627866
521500,69542,5621,7159.668279436399,2.7,1340,318,49.368439779398685,1021,31.200000000000006,24.7,18.8,1161,696,62.52019386106623,37.47980613893376,587,0.2383917452410603,0.05657356342287849,0.10442981675858388,0.18164027753068848
521600,53194,3544,1374.303451513172,9.2,855,87,41.81715575620768,823,11.100000000000003,31.0,13.7,761,235,76.40562248995984,23.59437751004016,354,0.24125282167042889,0.024548532731376974,0.09988713318284424,0.23222347629796838
521700,32002,6773,3194.695974146866,9.4,1687,404,45.07603720655544,1270,9.900000000000002,25.2,33.4,286,2711,9.542876209542875,90.45712379045712,159,0.24907721836704563,0.05964860475417097,0.02347556474235937,0.18750922781632953
521800,58462,5866,2116.597294655111,3.4,1057,184,53.239004432321856,928,42.599999999999994,28.9,7.5,1399,459,75.29601722282024,24.703982777179764,495,0.1801909307875895,0.03136720081827481,0.08438458915785885,0.158199795431299
521900,80125,6034,4090.346435945133,5.5,1051,380,22.92011932383162,635,60.1,24.3,8.3,1607,748,68.23779193205944,31.762208067940552,1025,0.1741796486576069,0.06297646668876367,0.1698707325157441,0.10523699038780246
522000,51204,4718,5960.774252,5.9,1206,378,48.49512505298856,798,38.4,23.5,19.6,763,1085,41.28787878787879,58.71212121212122,977,0.2556167867740568,0.08011869436201781,0.20707927087749045,0.16913946587537093
522100,52484,7734,8691.490693133448,2.4,1878,641,49.767261442979056,1279,38.4,20.9,14.1,1140,1553,42.33197177868548,57.668028221314515,889,0.24282389449185415,0.08288078613912593,0.11494698732867856,0.16537367468321695
522201,49750,3960,6297.896747245589,5.6,1263,406,47.17171717171717,818,30.499999999999993,25.1,22.8,609,654,48.218527315914486,51.78147268408551,427,0.31893939393939397,0.10252525252525252,0.10782828282828283,0.20656565656565656
522202,44853,4449,6517.038891197887,10.2,1480,386,61.49696561,1136,24.999999999999993,28.3,34.4,470,808,36.77621283255086,63.22378716744914,327,0.3326590244998876,0.08676106990334907,0.07349966284558328,0.2553382782647786
522301,46000,3979,7437.785360173242,5.2,904,476,55.41593365167128,469,29.1,17.1,17.3,426,1134,27.307692307692307,72.69230769,453,0.22719276200050265,0.11962804724805227,0.11384770042724303,0.11786881125911033
522302,59979,3675,7349.996192701972,7.2,843,292,68.43537414965986,652,26.399999999999995,29.0,21.8,283,1098,20.492396813902968,79.50760318609703,205,0.22938775510204082,0.07945578231292517,0.055782312925170066,0.17741496598639456
522401,64427,5479,5195.731661,2.4,1511,629,21.737543347326156,820,55.1,17.5,17.2,1140,949,54.571565342269025,45.42843465773097,559,0.2757802518707793,0.11480197116262092,0.1020259171381639,0.14966234714363935
522402,54969,3980,3640.4895833203464,1.9,1149,211,13.316582914572864,910,39.1,23.8,19.2,781,511,60.44891640866873,39.55108359133127,411,0.28869346733668344,0.05301507537688442,0.10326633165829145,0.228643216080402
522500,205184,5157,3465.831852055371,1.6,1521,320,13.108396354469654,1174,89.7,6.9,3.5,1689,56,96.79083094555874,3.2091690544412605,676,0.2949389179755672,0.06205158037618771,0.13108396354469654,0.22765173550513865
530100,30081,6389,6352.265130251421,4.1,1812,751,59.17984035060259,1165,13.800000000000006,28.8,29.6,290,2103,12.118679481821982,87.88132051817801,290,0.283612458913758,0.11754578181249022,0.04539051494756613,0.1823446548755674
530200,96745,3679,2683.6522142045214,4.5,737,273,16.25441696113074,388,65.9,17.8,17.5,1102,488,69.30817610062893,30.69182389937107,598,0.20032617559119326,0.07420494699646643,0.1625441696113074,0.10546344115248708
530300,25350,2382,3360.34638,10.6,588,163,62.72040302267003,445,7.100000000000001,35.6,41.5,433,514,45.72333685,54.27666315,304,0.24685138539042822,0.06842989084802686,0.12762384550797648,0.18681780016792612
530400,31923,2932,4772.941176765522,13.9,744,180,60.84583901773534,571,1.1000000000000014,29.7,26.6,572,402,58.72689938398358,41.27310061601643,423,0.25375170532060026,0.061391541609822645,0.1442701227830832,0.1947476125511596
530500,31555,5423,5956.562917681938,5.7,1754,651,42.63322884012539,1081,7.099999999999998,31.9,32.8,641,1092,36.987882285054816,63.012117714945184,653,0.32343721187534574,0.12004425594689286,0.1204130555043334,0.19933616079660704
530600,34604,3627,3043.0353994697152,6.9,1160,455,42.26633581472291,694,14.1,27.9,44.9,550,673,44.97138184791496,55.02861815208504,291,0.31982354562999726,0.12544802867383512,0.08023159636062861,0.19134270747173973
530700,28910,5929,5507.387199456091,4.7,1798,540,29.81953111823242,1166,7.000000000000007,36.4,41.8,666,1363,32.824051256776734,67.17594874322326,337,0.3032551863720695,0.09107775341541575,0.05683926463147242,0.19666048237476808
530800,56525,4397,2474.0679431937097,5.9,951,218,71.23038435296793,678,10.599999999999994,26.1,11.9,1190,385,75.55555555555556,24.444444444444443,1022,0.21628382988401182,0.04957925858539913,0.23243120309301796,0.15419604275642484
530900,86458,4132,5349.2488174943055,5.8,960,336,13.334946757018391,614,54.2,22.5,10.9,1025,473,68.42456608811749,31.575433911882513,678,0.23233301064859632,0.08131655372700872,0.16408518877057116,0.14859632139399806
531000,140179,3949,4287.060759020514,4.0,1054,459,6.685236768802229,585,74.2,10.5,4.5,1247,304,80.39974210186976,19.60025789813024,415,0.2669030134211193,0.1162319574575842,0.10508989617624716,0.14813876930868575
531100,139338,3347,5250.378849266546,5.7,969,344,3.7944427845832087,607,76.5,13.2,4.4,1128,174,86.63594470046083,13.36405529953917,271,0.28951299671347475,0.10277860770839557,0.08096803107260234,0.1813564386017329
531200,65388,3471,4616.480189218497,5.5,611,247,16.738692019590896,364,48.9,26.8,15.5,742,703,51.34948096885813,48.65051903114187,427,0.1760299625468165,0.07116104868913857,0.12301930279458369,0.10486891385767791
531300,32053,5967,9989.714578485702,10.6,1651,771,55.33769063180828,999,28.6,34.2,35.8,534,1849,22.408728493495595,77.59127150650441,488,0.2766884531590414,0.12921065862242334,0.08178314060667002,0.167420814479638
531400,75272,2194,5335.791020403129,6.2,318,135,23.062898814949865,209,56.0,27.0,10.4,676,287,70.19730010384217,29.80269989615784,405,0.14494074749316319,0.06153144940747493,0.1845943482224248,0.09525979945305378
531500,53214,2856,3878.172659250472,4.8,553,288,22.02380952380952,257,46.6,22.8,12.4,760,480,61.29032258064516,38.70967741935484,529,0.19362745098039216,0.10084033613445378,0.18522408963585435,0.0899859943977591
531600,78906,3246,3537.5317636513696,0.3,744,302,18.36105976586568,447,54.1,16.4,3.9,970,233,80.63175394846218,19.36824605153782,378,0.22920517560073936,0.09303758471965495,0.11645101663585952,0.1377079482439926
531700,133409,3515,4888.463896793671,2.2,982,437,16.756756756756758,438,78.6,10.4,2.2,1166,126,90.24767801857584,9.752321981,470,0.2793741109530583,0.12432432432432433,0.1337126600284495,0.12460881934566145
531800,32674,2548,2026.7117168092325,7.1,662,195,71.50706436420722,545,-0.4,39.1,36.9,577,350,62.24379719525351,37.75620280474649,298,0.2598116169544741,0.07653061224489796,0.11695447409733124,0.21389324960753534
531900,45144,4974,2957.0003302619807,6.7,1365,358,63.57056694813028,961,10.6,37.0,21.0,1129,382,74.71872931833224,25.281270681667777,694,0.2744270205066345,0.07197426618415761,0.1395255327704061,0.19320466425412144
532001,36682,6619,8714.761244,3.9,1963,652,38.84272548723372,1176,13.400000000000002,30.3,28.0,297,2463,10.760869565217392,89.23913043478261,444,0.2965704789243088,0.09850430578637256,0.06707961927783652,0.17767034295210757
532002,76250,1139,4494.508631845884,0.9,331,67,23.88059701492537,275,49.9,20.1,1.7,371,43,89.61352657004831,10.38647342995169,164,0.2906057945566286,0.058823529411764705,0.14398595258999122,0.2414398595258999
532100,31717,7369,10073.873247735257,7.1,1979,484,53.11439815443072,1670,16.1,37.2,31.0,703,2004,25.969708164019213,74.03029183598079,773,0.26855747048446194,0.06568055367078302,0.10489890080065138,0.22662505088885873
532200,38972,3883,5365.343682119136,6.1,1215,476,52.87149111511717,778,12.799999999999994,25.6,44.4,294,1077,21.444201312910284,78.55579868708972,229,0.31290239505536954,0.12258562966778264,0.05897501931496266,0.20036054596961111
532300,45133,6993,2918.757916053478,4.4,1839,460,47.247247247247245,1422,21.6,23.7,13.7,671,2402,21.83534005857468,78.16465994142531,255,0.262977262977263,0.06578006578006577,0.03646503646503647,0.20334620334620335
532400,66066,6348,3507.196418984058,3.0,1749,508,22.763074984247005,1190,21.100000000000005,25.0,10.5,1324,704,65.28599605522683,34.714003944773175,649,0.27551984877126656,0.0800252047889099,0.10223692501575299,0.1874606175173283
532501,64819,9319,5015.850969083372,4.7,2155,621,36.38802446614444,1613,42.1,30.8,8.7,2410,431,84.82928546286519,15.17071453713481,632,0.23124798798154308,0.0666380512930572,0.0678184354544479,0.1730872411202919
532502,41310,5127,4915.927881905479,3.1,1252,220,28.55471035693388,1100,18.9,25.2,17.7,1257,275,82.04960835509138,17.950391644908617,488,0.24419738638580066,0.04291008386970938,0.09518236785644626,0.2145504193485469
532600,37482,7408,7166.455207707104,3.5,2056,433,60.28617710583153,1677,14.799999999999995,26.5,23.8,1063,1152,47.99097065462754,52.00902934537246,612,0.2775377969762419,0.05845032397408207,0.0826133909287257,0.2263768898488121
532700,44728,5169,4979.166801023415,4.1,1386,599,54.80750628748308,793,15.0,32.8,19.1,1108,673,62.21224031,37.78775969,559,0.2681369704004643,0.1158831495453666,0.1081447088411685,0.1534145869607274
532800,67672,1893,3639.2488338178023,6.0,478,113,36.76703645007924,344,25.5,16.4,19.9,419,237,63.87195121951219,36.12804878,195,0.2525092445853143,0.05969360802958267,0.10301109350237718,0.18172213417855257
532900,43926,5662,8594.259916569985,12.1,1390,427,55.457435535146594,1070,3.700000000000003,34.5,19.1,1012,773,56.69467787114846,43.30532212885154,530,0.24549629106322854,0.07541504768632992,0.09360649947015189,0.18897915930766512
533000,29611,2433,3557.634091209851,9.9,709,156,77.59967118783395,575,-2.5,33.4,23.1,117,712,14.11338962605549,85.88661037394452,176,0.29140978216193997,0.06411837237977805,0.07233867653103165,0.2363337443485409
533100,53955,6879,5079.315523992445,8.3,2220,558,82.03227213,1681,9.200000000000005,39.4,24.8,1570,681,69.74677920924034,30.25322079075966,538,0.32272132577409507,0.08111644134321849,0.07820904201192033,0.24436691379560982
533200,36285,3983,3851.725625880851,4.6,939,293,60.45694200351493,677,12.9,26.7,25.9,545,906,37.56030323914541,62.43969676085458,387,0.23575194576952047,0.07356264122520713,0.09716294250564901,0.16997238262616118
533300,20633,6049,4423.657105955048,10.8,1940,482,78.36005951396925,1405,1.4000000000000057,34.4,42.4,1062,1112,48.85004599816008,51.14995400183992,897,0.3207141676310134,0.07968259216399405,0.1482889733840304,0.23226979666060507
533400,40739,11864,4467.913969384072,12.8,3956,1092,48.87053270397842,2915,4.699999999999996,33.1,15.3,2475,732,77.17492984097288,22.825070159027128,931,0.3334457181389076,0.09204315576534053,0.07847269049224545,0.24570128118678355
533500,56782,4245,4114.549292687265,6.4,906,266,38.32744405182568,702,19.9,31.6,7.2,1080,153,87.59124087591242,12.408759124087592,510,0.21342756183745584,0.06266195524146054,0.12014134275618374,0.16537102473498233
533600,32406,5399,3958.6468241221337,7.1,1550,415,33.70994628634932,1112,6.399999999999999,25.5,33.7,358,1549,18.772941793392764,81.22705820660724,294,0.2870902018892387,0.07686608631228005,0.054454528616410446,0.20596406741989257
533701,28821,5558,1613.7666187649168,2.7,1977,343,20.277078085642316,1668,3.5,36.1,39.7,509,1210,29.61023851076207,70.38976148923794,301,0.35570349046419575,0.061712846347607056,0.05415617128463476,0.3001079525008996
533702,40853,3815,10055.942990083591,5.9,1193,333,21.96592398427261,862,8.400000000000002,34.3,28.9,686,261,72.43928194297783,27.560718057022175,238,0.3127129750982962,0.0872870249017038,0.062385321100917435,0.22595019659239843
533801,52429,11239,3429.0750533589585,2.3,3658,1208,34.45146365334994,2250,19.4,23.6,17.9,2285,634,78.28023295649194,21.71976704350805,605,0.3254737966011211,0.10748287214164962,0.05383041195835928,0.20019574695257586
533802,53581,7851,3662.80193848355,1.6,2704,905,31.677493312953764,1913,21.09999999999999,28.2,24.0,1630,450,78.36538461538461,21.634615384615387,485,0.3444147242389505,0.11527193988027003,0.06177556999108394,0.24366322761431664
533901,57583,9472,8471.696793521256,7.1,2735,537,40.89949324324324,2228,10.700000000000006,38.8,14.1,2133,560,79.2053472,20.7946528035648,914,0.28874577702702703,0.056693412162162164,0.09649493243243243,0.2352195945945946
533902,28500,4629,6191.038591073369,6.6,1693,640,43.18427306113632,1034,10.900000000000002,27.1,34.6,316,1166,21.32253711,78.67746288798921,332,0.36573774033268525,0.13825880319723483,0.07172175415856556,0.22337437891553252
534001,35990,3237,2213.328188,4.8,1020,369,35.09422304603028,694,28.6,24.8,36.8,316,648,32.780082987551864,67.21991701244814,121,0.31510658016682114,0.11399443929564411,0.03738029039233858,0.21439604572134693
534002,50859,6438,5107.253437,1.6,2173,281,31.826654240447343,2099,19.699999999999996,39.6,16.6,1025,528,66.00128783000643,33.99871216999356,562,0.3375271823547686,0.043647095371233305,0.08729419074246661,0.3260329294812053
534003,64574,2777,5502.547068999646,7.1,770,153,45.80482535,601,20.1,27.7,19.5,501,188,72.71407837445574,27.28592162554427,91,0.2772776377385668,0.055095426719481456,0.03276917536910335,0.21642059776737488
534100,75303,7952,1615.247812929223,7.9,2211,373,45.22132796780684,1836,30.700000000000003,26.0,20.8,1577,543,74.38679245283019,25.613207547169814,866,0.27804325955734405,0.046906438631790746,0.10890342052313884,0.23088531187122738
534201,59804,3289,2438.604475172268,3.2,1055,277,43.75190027363941,685,30.799999999999997,30.8,14.3,445,459,49.22566371681416,50.77433628318584,259,0.32076619033140774,0.08422012769838856,0.07874733961690483,0.20826999087868653
534202,86298,9583,5352.666354668907,4.5,1806,450,34.07075028696651,1455,56.1,16.4,5.1,2277,1504,60.22216344882306,39.77783655117694,1031,0.18845872899926955,0.04695815506626318,0.10758635082959407,0.15183136804758426
534203,50464,2279,1391.0920982277755,8.8,810,199,23.08029837648091,601,30.199999999999996,41.8,15.9,372,217,63.15789474,36.84210526315789,212,0.35541904344010533,0.08731899956121106,0.09302325581395349,0.26371215445370777
540100,147756,10485,1208.7602516650188,4.1,2198,535,34.39198855507868,1606,67.2,13.5,3.2,3121,764,80.33462033462033,19.665379665379664,1239,0.20963280877443968,0.05102527420123987,0.11816881258941345,0.15317119694802098
540200,53567,2522,2607.2378697260497,2.3,610,180,29.183187946074547,413,27.700000000000003,34.4,7.5,471,454,50.91891891891892,49.08108108108108,243,0.24187153053132435,0.07137192704203013,0.09635210150674069,0.16375892149088025
540501,35589,6755,9972.215738764711,5.2,2146,779,58.40118430792006,1587,17.1,26.2,38.6,268,2077,11.428571428571429,88.57142857142857,346,0.3176905995558845,0.1153219837157661,0.05122131754256107,0.23493708364174684
540502,76641,4790,3495.4981778165034,6.8,1019,247,27.870563674321502,836,59.39999999999999,20.5,7.3,1366,369,78.73198847262248,21.268011527377524,752,0.2127348643006263,0.05156576200417536,0.1569937369519833,0.17453027139874738
540601,70385,4076,5275.63883,3.4,937,273,44.35721295387635,624,43.099999999999994,21.0,8.7,1115,293,79.19034091,20.80965909090909,301,0.22988223748773307,0.0669774288518155,0.07384690873405299,0.15309126594700687
540602,58586,7085,6640.603683,7.1,2073,530,49.752999294283704,1573,33.9,35.2,6.5,1488,1023,59.25925925925925,40.74074074074074,580,0.29258997882851095,0.0748059280169372,0.08186309103740297,0.22201834862385322
540700,89728,6924,2286.261005684143,3.1,1700,263,37.694974,1501,51.5,23.7,5.6,1849,412,81.77797434763379,18.22202565236621,787,0.24552281917966493,0.037983824378971694,0.11366262276140959,0.21678220681686886
540800,58214,7122,1926.3802289636735,6.3,1926,481,39.55349620893008,1492,22.9,25.9,15.0,1353,997,57.574468085106375,42.42553191489362,464,0.2704296545914069,0.06753720864925583,0.06515023869699522,0.20949171581016568
540901,134048,2607,4203.6779724873295,0.6,420,113,23.551975450709627,245,72.8,11.3,4.1,946,154,86.0,14.000000000000002,374,0.1611047180667434,0.04334484081319524,0.14345991561181434,0.09397775220560031
540902,59788,7058,4016.836404174696,2.8,1513,499,41.85321620855766,963,46.1,21.2,8.8,1296,1723,42.92812189466711,57.07187811,617,0.21436667611221308,0.07069991499008217,0.08741853216208557,0.1364409181071125
541001,71525,11346,5490.795397506895,8.2,2821,699,51.145778247840646,2174,56.7,24.6,8.4,1970,1923,50.603647572566146,49.396352427433854,713,0.24863387978142076,0.06160761501850873,0.06284153005464481,0.19160937775427464
541002,104741,8858,3127.0581939687404,5.2,2865,632,48.50982163016482,2189,57.7,19.5,4.4,2296,444,83.79562044,16.204379562043798,1306,0.3234364416346805,0.07134793407089636,0.14743734477308648,0.24712124633100022
541003,102327,13814,4908.119614,4.7,3772,811,39.04010424207326,2988,63.900000000000006,10.2,7.1,3705,706,83.99455906,16.005440943096804,823,0.27305631967569133,0.05870855653684668,0.059577240480671784,0.21630230201245113
541100,100989,7423,5652.840972382315,6.2,1758,689,25.703893304593823,1157,64.8,16.4,7.8,2148,195,91.67733674775928,8.322663252240718,801,0.2368314697561633,0.09281961471103327,0.10790785396739863,0.15586690017513136
541201,102500,8854,5095.010520704718,4.0,2218,416,29.01513440252993,1908,67.0,20.3,5.7,2645,339,88.63941018766755,11.36058981233244,585,0.25050824486107975,0.04698441382426022,0.06607183194036594,0.2154958210978089
541202,87788,8698,7038.165283888362,6.3,2398,806,29.28259369970108,1374,52.9,22.7,12.2,2217,645,77.46331236897275,22.536687631027252,734,0.2756955621982065,0.09266498045527707,0.08438721545182801,0.15796734881581972
541203,113125,2688,4547.196653263263,1.2,512,92,8.258928571428571,417,84.9,11.9,3.5,915,84,91.59159159,8.408408408408409,372,0.19047619047619047,0.03422619047619048,0.13839285714285715,0.15513392857142858
541300,61853,12999,6318.733341668676,2.3,4326,1058,54.25801984768059,3263,30.4,24.6,16.7,2211,1623,57.66823161189358,42.33176838810642,549,0.33279483037156704,0.08139087622124778,0.042234018001384724,0.25101930917762905
541400,74078,15920,9319.755430041349,6.3,4457,1120,53.29773869346733,3504,36.7,22.0,10.6,3589,1226,74.53790238836969,25.462097611630323,1077,0.27996231155778895,0.07035175879396985,0.06765075376884422,0.2201005025125628
541500,71910,5493,4625.152592566177,7.2,1680,315,44.87529583105771,1285,45.0,33.9,14.4,1431,198,87.84530386740332,12.154696132596683,364,0.3058438012015292,0.05734571272528673,0.066266156926998,0.23393409794283634
541601,94286,6137,3417.1613477760543,10.7,1304,498,38.650806583021016,824,61.4,19.9,4.6,1937,169,91.97530864,8.024691358024691,795,0.2124816685677041,0.08114714029656184,0.12954212155776437,0.13426755743848787
541602,63500,10628,5431.308963060237,8.5,2921,553,43.52653368,2462,32.300000000000004,19.8,21.5,2310,812,73.99103139013454,26.00896860986547,761,0.27484004516371846,0.05203236733157696,0.07160331200602182,0.23165223936770793
541700,62524,11084,1344.959243220993,5.8,2992,822,46.12053410321184,2318,39.00000000000001,13.9,4.0,1494,2674,35.84452975047985,64.15547024952015,583,0.26993865030674846,0.07416095272464814,0.05259833994947672,0.20913027787802238
541800,55608,6731,3448.6477048723596,4.3,2006,578,49.11603030753231,1360,37.900000000000006,17.1,15.5,896,1564,36.42276422764227,63.57723577235773,344,0.2980240677462487,0.08587134155400386,0.05110681919477047,0.20205021542118556
541900,76510,8020,3734.055301596469,8.3,2258,638,41.68329177057357,1701,47.5,21.1,7.6,1801,667,72.97406807,27.025931928687196,494,0.28154613466334166,0.07955112219451371,0.061596009975062344,0.21209476309226932
542000,80850,15630,7500.504689669443,6.1,4491,1091,32.42482405630198,3938,56.2,21.9,3.3,3436,1144,75.02183406113538,24.97816593886463,1255,0.2873320537428023,0.06980166346769034,0.08029430582213691,0.25195137555982083
542101,66587,25740,7318.645341743826,5.1,8511,1845,51.740481740481734,6423,24.1,27.4,5.9,4353,3093,58.460918614020954,41.539081385979046,915,0.33065268065268066,0.07167832167832168,0.035547785547785545,0.24953379953379953
542102,79424,16690,6811.013969814474,5.4,5519,1316,48.28639904134212,4178,22.0,22.9,7.5,3665,932,79.72590820100065,20.274091798999347,978,0.33067705212702214,0.07884961054523666,0.05859796285200719,0.25032953864589574
542200,78750,24521,2646.679524881467,6.5,8124,2319,45.48346315403124,5895,22.1,27.2,6.5,5081,1598,76.07426261,23.925737385836204,674,0.3313078585702051,0.09457199951062355,0.027486644100974674,0.24040618245585416
542301,76268,14366,6231.711379187137,5.9,4203,925,39.57956285674509,3178,30.1,27.5,4.3,3286,795,80.51948051948052,19.480519480519483,839,0.29256578031463176,0.06438813866072672,0.058401781985242936,0.22121676179869135
542302,83477,7768,4414.866270125819,6.7,2078,458,35.55612770339856,1581,33.4,23.6,5.7,1701,659,72.07627118644068,27.92372881355932,467,0.2675077239958805,0.05895983522142122,0.060118434603501546,0.20352729145211124
542400,67166,12600,5683.182342913202,6.9,3116,872,36.08730158730158,2150,28.4,29.3,13.4,1858,1922,49.15343915343915,50.84656084656085,571,0.2473015873015873,0.0692063492063492,0.04531746031746032,0.17063492063492064
542500,76285,2927,1749.7696350859908,3.0,422,161,12.982576016399044,218,79.80000000000001,17.2,4.7,696,619,52.92775665,47.07224335,731,0.1441749231294841,0.0550051247010591,0.24974376494704476,0.07447898872565767
542600,98207,5841,3310.214696042426,2.5,1706,474,27.820578668036298,1142,54.0,24.0,2.7,1346,416,76.39046538024972,23.609534619750285,369,0.29207327512412257,0.08115048793014895,0.06317411402157165,0.19551446670090739
542700,59261,5299,2859.0601007771797,5.5,1070,137,18.626155878467635,955,65.60000000000001,34.5,5.6,1362,493,73.42318059299191,26.576819407008085,725,0.20192489148896017,0.02585393470466126,0.13681826759765994,0.18022268352519344
542800,96792,9529,2740.8465610059607,6.9,2601,977,16.455032007555882,1605,60.1,21.4,3.1,2617,277,90.42847270214236,9.571527297857635,892,0.27295623884982684,0.10252912162871235,0.0936089831042082,0.1684332039038724
542900,100833,26770,1259.993344571128,6.3,8926,2894,33.50018677624206,5949,46.9,24.4,7.0,6246,1480,80.84390370178618,19.156096298213825,855,0.3334329473290997,0.10810608890549123,0.03193873739260366,0.22222637280537916
543001,134754,17355,401.5944673480522,4.8,6151,1684,41.25612215499856,4371,56.9,13.4,2.2,4714,239,95.17464163133454,4.825358368665455,695,0.3544223566695477,0.09703255545952175,0.040046096225871505,0.2518582541054451
543002,125743,27645,2087.177731755293,3.9,9788,2583,38.50244167118828,6735,62.50000000000001,14.9,4.8,6942,1562,81.63217309501411,18.36782690498589,1318,0.35406040875384337,0.09343461747151384,0.047675890757822394,0.24362452523060227
543003,75738,20730,8802.094438542525,8.2,6978,2051,43.05836951278341,5099,21.700000000000003,27.3,7.9,4923,916,84.31238225723583,15.687617742764171,926,0.3366136034732272,0.0989387361312108,0.04466956102267246,0.24597202122527737
543100,76181,2536,50.59855756205925,5.2,768,216,41.5615142,556,43.8,30.1,6.3,632,146,81.23393316195373,18.76606683804627,282,0.3028391167192429,0.08517350157728706,0.111198738170347,0.2192429022082019
543200,69385,8493,545.8745184265015,3.3,2075,826,26.76321676674909,1263,55.8,17.2,11.6,1370,1923,41.60340115396296,58.39659884603705,612,0.24431885081832097,0.09725656422936536,0.07205934298834334,0.1487107029318262
550100,26825,5609,4149.204433,5.2,2004,725,58.37047602068105,1258,1.8999999999999984,34.1,43.8,144,1890,7.079646017699115,92.92035398230088,64,0.35728293813513995,0.12925655197004815,0.011410233553218043,0.22428240328044213
550200,26070,4381,4527.434209260642,6.1,1822,905,63.70691622917142,876,10.300000000000004,35.3,45.0,41,1366,2.9140014214641083,97.08599858,60,0.4158867838393061,0.2065738415886784,0.013695503309746632,0.19995434832230086
550301,30236,7639,6964.830345640542,4.4,2648,665,64.55033381332636,1969,7.599999999999994,33.2,22.9,0,3297,0.0,100.0,147,0.34664223065846317,0.08705327922502945,0.01924335646026967,0.25775625081816994
550302,47829,13811,4017.315106895795,6.7,4451,1371,70.57418000144811,2698,14.099999999999994,24.3,24.4,1271,3796,25.08387606078547,74.91612393921453,742,0.3222793425530374,0.09926869886322497,0.053725291434363914,0.19535153138802405
550401,50941,15733,4050.176592371817,10.1,5323,1625,65.16239750842179,3533,16.1,28.0,17.8,2003,3048,39.655513759651555,60.34448624034845,496,0.3383334392677811,0.10328608656963072,0.0315260916544842,0.22455984236954174
550402,54078,11442,6284.936187167627,3.1,3191,857,79.16448173,2372,11.200000000000005,26.8,20.5,1558,1991,43.899690053536204,56.10030994646379,566,0.2788848103478413,0.07489949309561265,0.04946687642020626,0.20730641496241917
550500,49292,6803,4025.5037193485696,5.3,2151,500,53.44700867264442,1719,14.700000000000005,36.3,12.3,874,1050,45.42619542619543,54.57380457380457,378,0.3161840364545054,0.07349698662354844,0.05556372188740261,0.2526826400117595
550601,62045,6982,8885.764066101201,4.4,2014,545,50.81638498997422,1459,13.599999999999998,24.5,10.6,1284,580,68.88412017167383,31.115879828326182,509,0.28845602979089086,0.07805786307648238,0.07290174735032942,0.20896591234603265
550602,69792,3178,7332.761863989912,7.7,790,62,47.325361862806794,809,11.400000000000006,33.3,12.2,686,165,80.61104582843713,19.388954171562865,253,0.2485840151038389,0.019509125235997484,0.07960981749528005,0.25456261799874136
550603,52875,6537,9711.507538470449,4.4,1980,439,36.362245678445774,1581,8.099999999999994,28.7,21.5,856,800,51.690821256038646,48.309178743961354,329,0.30289123451124367,0.06715618785375554,0.05032889704757534,0.24185406149609912
550700,66724,3955,1686.4292408761055,11.7,1019,375,58.38179519595449,663,18.5,29.4,17.4,835,257,76.46520146520146,23.534798534798533,170,0.25764854614412136,0.09481668773704172,0.04298356510745891,0.16763590391908975
550800,55604,3668,4748.603856416537,9.9,1091,171,59.70556161395856,982,10.799999999999995,28.8,17.6,586,405,59.13218971,40.867810292633706,249,0.2974372955288986,0.04661941112322792,0.06788440567066521,0.2677208287895311
550900,53286,9552,7767.567000679176,9.2,2983,382,52.24036850921273,2594,24.700000000000003,24.5,12.5,1987,661,75.03776435045317,24.962235649546827,792,0.31229061976549416,0.03999162479061977,0.0829145728643216,0.27156616415410384
551000,44750,3621,8442.681859931348,12.4,980,200,44.13145539906103,914,14.700000000000006,27.3,23.9,533,360,59.68645016797313,40.31354983202687,177,0.27064346865506766,0.055233360950013806,0.04888152444076222,0.2524164595415631
551100,46152,11366,6363.176356870408,8.0,3027,756,72.04821397149392,2384,21.700000000000003,25.3,21.6,1690,1888,47.23309111235327,52.766908887646736,1049,0.2663206053140947,0.06651416505366883,0.09229280309695584,0.2097483723385536
551200,48273,7480,5422.669860944961,5.4,1686,466,39.67914438502674,1304,53.3,37.4,14.2,1390,1288,51.90440627333831,48.09559372666169,943,0.22540106951871658,0.06229946524064171,0.12606951871657754,0.17433155080213902
551300,75625,4219,5499.995913785923,6.8,1129,319,53.16425693292249,756,40.1,37.9,5.9,880,310,73.94957983193278,26.05042016806723,279,0.2675989570988386,0.07561033420241764,0.06612941455321167,0.17918938136999288
551400,79122,5122,1666.9288109115992,5.4,1064,519,48.63334634908239,611,45.3,22.1,11.4,1299,670,65.97257491,34.02742508887761,649,0.20773135493947675,0.10132760640374854,0.12670831706364702,0.11928934010152284
551500,54368,8050,2089.882171121764,7.5,1844,571,59.118012422360245,1309,34.300000000000004,22.5,12.2,1078,1697,38.84684684684685,61.15315315315315,508,0.22906832298136645,0.07093167701863354,0.0631055900621118,0.16260869565217392
551600,57500,8975,7594.626160657946,7.8,2286,395,30.540389972144848,2018,37.7,23.7,15.6,1765,1009,63.62653208363375,36.37346791636626,1043,0.2547075208913649,0.04401114206128134,0.1162116991643454,0.2248467966573816
551701,69564,8792,5046.299899148732,3.0,1796,701,37.5,1261,55.6,25.1,8.5,1938,1484,56.63354763296318,43.36645236703682,1040,0.20427661510464057,0.07973157415832575,0.11828935395814377,0.14342584167424932
551702,119125,3972,4951.678190683717,4.2,973,242,31.973816717019133,790,76.60000000000001,20.6,3.0,1211,105,92.02127659574468,7.97872340425532,412,0.24496475327291037,0.06092648539778449,0.10372608257804633,0.19889224572004027
551703,86815,8597,7153.628775344852,3.8,1876,441,45.50424566709317,1666,68.6,19.6,11.8,1600,1577,50.361976707585775,49.63802329241423,712,0.21821565662440387,0.05129696405722926,0.08281958822845178,0.19378853088286613
551800,115726,4210,1775.2944496100054,2.2,619,121,9.429928741092636,521,82.6,13.8,3.9,1665,45,97.36842105263158,2.631578947368421,1031,0.1470308788598575,0.028741092636579573,0.24489311163895486,0.12375296912114014
551900,43346,6185,8946.864053630266,5.8,1400,449,51.05901374292644,970,29.60000000000001,28.2,18.8,21,2973,0.7014028056112225,99.29859719438878,180,0.22635408245755861,0.07259498787388843,0.02910266774454325,0.15683104284559418
552001,62167,8955,5253.373683,4.5,2123,503,37.9787828,1486,54.50000000000001,28.1,15.1,1912,1831,51.08201977023777,48.91798022976222,947,0.23707426018983807,0.05616973757677275,0.10575097710776103,0.16594081518704634
552002,70833,1328,2059.8473477221746,5.9,235,31,38.62951807228915,215,54.6,20.4,1.1,278,214,56.50406504065041,43.49593495934959,159,0.1769578313253012,0.023343373493975902,0.1197289156626506,0.16189759036144577
552101,74352,4324,4723.696727566563,6.2,1007,293,38.922294172062905,750,46.5,26.4,8.7,536,993,35.05559189012427,64.94440810987574,258,0.23288621646623497,0.06776133209990749,0.059666975023126734,0.17345050878815912
552102,74809,6166,5042.568358640344,5.3,1208,226,22.980862795977945,1002,65.30000000000001,23.6,1.1,1766,413,81.04635153740249,18.95364846259752,876,0.19591307168342523,0.03665261109309115,0.14206941290950373,0.16250405449237756
552103,58938,3136,5205.922903323017,3.0,727,73,29.30484693877551,569,58.599999999999994,29.2,6.0,777,358,68.45814977973568,31.541850220264315,373,0.23182397959183673,0.023278061224489797,0.11894132653061225,0.18144132653061223
552200,52330,7811,2016.850973468148,9.4,2281,650,37.03751120215081,1632,44.8,22.4,13.2,1377,1364,50.23713973002554,49.76286026997446,704,0.29202406862117525,0.0832159774676738,0.09012930482652669,0.20893611573422097
552301,78047,4307,2587.2450041929887,7.2,1088,162,20.94265149756211,789,67.8,27.0,4.8,1192,370,76.31241997439182,23.687580025608195,595,0.2526120269328999,0.037613187833759,0.13814720222892965,0.1831901555607151
552302,65756,4235,3015.408552,2.3,845,193,36.269185360094454,564,63.8,12.7,9.2,843,1015,45.37136706,54.628632938643705,495,0.19952774498229045,0.045572609208972846,0.11688311688311688,0.1331759149940968
552400,54159,7519,3185.146374418308,7.0,2014,508,36.22822183801037,1466,44.10000000000001,19.1,6.1,1666,1029,61.81818181818181,38.18181818181819,1047,0.2678547679212661,0.06756217582125283,0.13924724032451125,0.19497273573613513
552500,63906,11484,5436.630599879056,6.6,3398,591,35.58864507140369,2755,44.099999999999994,30.8,10.7,2354,1292,64.56390565002744,35.43609434997258,783,0.2958899338209683,0.051462904911180773,0.06818181818181818,0.2398989898989899
552601,37205,6479,5755.2048975171665,8.3,2046,563,71.39990739311622,1490,36.50000000000001,24.0,22.4,498,1867,21.05708245243129,78.94291754756871,392,0.3157894736842105,0.08689612594536193,0.0605031640685291,0.22997376138292946
552602,72763,6648,3268.8807361357744,5.4,1323,460,29.64801444043321,838,65.89999999999999,16.0,6.0,1302,1644,44.19551934826884,55.80448065173116,911,0.1990072202166065,0.06919374247894103,0.13703369434416365,0.12605294825511432
552700,56375,8427,4360.399044430683,4.6,1785,623,40.06170641984099,1105,53.5,21.6,10.7,1499,2274,39.72965809700504,60.27034190299496,1330,0.2118191527233891,0.07392903761718286,0.1578260353625252,0.13112614216209803
552800,75156,9636,3835.8954668852703,4.8,1798,149,30.105853051058528,1753,68.4,15.1,3.2,2514,1744,59.04180366369187,40.95819633630813,2253,0.18659194686591946,0.015462847654628476,0.2338107098381071,0.1819219593192196
552900,61406,9033,4791.014558009296,4.9,2616,662,39.798516550426214,2003,56.10000000000001,15.0,12.7,2123,1635,56.49281532730176,43.50718467269824,1343,0.28960478246429755,0.07328683715266246,0.14867707295472157,0.221742499723237
553001,82917,5833,3189.295943778074,5.0,921,329,45.97977027258701,662,53.0,22.4,9.6,1503,638,70.20084072863149,29.79915927136852,857,0.15789473684210525,0.05640322304131665,0.14692268129607405,0.11349219955426024
553002,90000,4813,2692.0426395435907,6.7,836,284,40.74381882401829,556,37.8,14.5,10.5,1240,436,73.98568019,26.014319809069217,798,0.17369623935175565,0.05900685643050073,0.16580095574485768,0.11552046540619157
553100,65352,6335,4820.075601641798,1.5,1493,233,42.194159431728494,1320,35.1,21.6,11.2,1182,1121,51.32435953104646,48.67564046895354,960,0.23567482241515392,0.03677979479084451,0.1515390686661405,0.20836621941594316
553200,41089,6827,4116.936017833797,5.3,1574,304,51.00336897612421,1280,34.9,31.4,20.7,978,1706,36.438152011922504,63.56184798807749,798,0.23055514867438112,0.044529075728724186,0.11688882378790098,0.1874908451735755
553300,31896,6149,11406.387064405422,6.7,2021,768,71.29614571475037,1259,12.199999999999996,26.3,25.1,11,2565,0.4270186335403726,99.57298136645964,248,0.32867132867132864,0.124898357456497,0.04033176126199382,0.20474873963246057
553401,113750,4090,2816.9468691752736,3.7,953,235,13.178484107579465,747,79.5,16.5,3.3,1300,162,88.91928864569083,11.080711354309166,715,0.23300733496332518,0.05745721271393643,0.17481662591687042,0.18264058679706602
553402,101364,9127,4380.790302202221,10.7,2295,844,32.10255286512545,1525,58.7,19.0,16.4,2320,866,72.81858129315756,27.181418706842436,924,0.2514517366056755,0.09247288265585625,0.10123808480333078,0.16708666593623314
553403,88313,7843,3051.2704926412375,0.9,2046,327,27.017722810149177,1751,64.89999999999999,15.1,2.8,1919,605,76.03011093502377,23.969889064976226,767,0.2608695652173913,0.04169322963151855,0.09779421139869948,0.22325640698712226
553500,90735,6620,4813.201860622721,6.3,1402,312,18.836858006042295,890,77.0,21.8,3.3,1775,649,73.22607260726073,26.77392739273927,1040,0.21178247734138972,0.047129909365558914,0.15709969788519637,0.13444108761329304
553600,78984,7383,3935.987204577405,3.6,1755,288,30.461871867804412,1485,72.60000000000001,20.4,5.0,1682,1055,61.45414687614176,38.54585312385824,686,0.23770824867939863,0.03900853311661926,0.09291615874305838,0.20113774888256805
553700,93323,4166,3412.8409632208673,5.9,1064,259,34.85357657225156,823,66.8,12.5,8.4,1037,430,70.68847989093388,29.31152010906612,583,0.25540086413826213,0.06216994719155065,0.1399423907825252,0.19755160825732118
553801,151477,2779,1944.918864752636,3.7,773,105,17.48830514573588,640,76.8,12.2,5.7,800,105,88.39779005524862,11.60220994475138,376,0.27815761065131345,0.037783375314861464,0.13530046779417057,0.23029866858582224
553802,72342,10168,4837.431616531421,3.5,2597,676,37.65735641,1931,60.1,25.4,10.9,2122,1384,60.52481460353679,39.47518539646321,1553,0.2554091266719119,0.06648308418568057,0.15273406766325728,0.18990952006294257
553900,125455,8107,4023.1430742093944,6.7,1895,294,24.028617244356727,1612,80.0,18.9,5.5,2486,88,96.58119658119658,3.418803418803419,1240,0.23374861231034907,0.036264956210682125,0.15295423707906747,0.1988405082027877
554001,70625,3387,2612.6243945335527,3.9,813,146,26.33599055211101,639,58.8,24.9,2.9,564,764,42.46987951807229,57.53012048192772,566,0.2400354295837024,0.04310599350457632,0.16710953646294657,0.1886625332152347
554002,138382,4178,2493.2462089749793,4.5,964,109,11.656294877932025,885,83.9,13.1,4.1,1434,58,96.11260053619304,3.8873994638069704,825,0.23073240785064625,0.026089037817137388,0.1974629009095261,0.21182383915749162
554101,132639,1161,3835.1966387900616,4.6,253,47,14.125753660637384,192,84.30000000000001,20.0,5.1,402,11,97.33656174,2.663438256658596,206,0.21791559000861327,0.040482342807924204,0.17743324720068906,0.165374677002584
554102,98875,9725,5575.181612114297,5.9,2308,723,32.616966580976865,1630,68.5,17.5,4.5,2784,394,87.60226557583385,12.397734424166142,838,0.23732647814910027,0.07434447300771209,0.08616966580976863,0.16760925449871467
554200,76688,9537,3450.0912288121235,2.7,2158,433,26.224179511376743,1699,55.0,18.7,5.9,1661,2180,43.24394688883103,56.75605311116897,785,0.22627660689944426,0.045402118066477926,0.08231099926601657,0.17814826465345496
554301,118454,7238,3380.309281570516,6.8,1676,242,16.85548494059132,1383,79.1,18.8,2.8,2299,250,90.19223224794035,9.807767752059632,1343,0.231555678364189,0.03343465045592705,0.18554849405913235,0.19107488256424426
554302,94176,4639,2027.850029,2.9,1290,359,35.52489760724294,861,64.2,15.5,4.7,1087,458,70.35598705501617,29.644012944983817,745,0.27807717180426816,0.07738736796723432,0.1605949558094417,0.1856003449019185
554401,136020,15028,2579.299383871696,4.2,4808,1096,19.55017301038062,3650,82.5,7.7,3.1,4230,547,88.54929872304794,11.450701276952062,1074,0.3199361192440777,0.07293052967793452,0.07146659568804897,0.2428799574128294
554402,115063,16345,2958.811234183569,2.8,4889,731,25.897828081982254,4165,68.9,17.6,2.0,4522,476,90.47619047619048,9.523809523809524,1140,0.2991128785561334,0.04472315692872438,0.06974609972468644,0.25481798715203424
554403,101867,13044,3134.9419488746885,3.4,4098,1170,31.079423489727077,2887,57.2,22.5,2.7,3403,653,83.90039447731755,16.099605522682445,770,0.3141674333026679,0.08969641214351426,0.05903097209444955,0.2213278135541245
554501,125000,6353,1328.0217047268577,6.0,2140,622,23.24885881,1533,68.3,12.5,4.0,1957,25,98.73864783047426,1.2613521695257317,477,0.33684873288210293,0.09790650086573273,0.07508263812372108,0.24130332126554382
554502,124400,6045,3371.9583492357847,3.8,1623,196,12.622001654259718,1506,83.5,12.3,3.4,2072,64,97.00374531835206,2.9962546816479403,642,0.2684863523573201,0.03242349048800662,0.10620347394540942,0.2491315136476427
554600,129669,4504,3192.4318407597643,5.8,1088,250,7.770870337477797,837,85.1,11.7,1.8,1486,117,92.70118528,7.298814722395508,626,0.24156305506216696,0.05550621669626998,0.13898756660746003,0.1858348134991119
554700,100453,7773,4379.725374619667,3.8,2045,417,15.155023800334492,1443,78.6,18.1,3.9,1974,901,68.66086956521738,31.339130434782607,906,0.2630901839701531,0.05364724044770359,0.11655731377846391,0.18564260903126206
554801,92945,17986,3243.9136751422266,6.5,5511,1953,36.70076726342711,3510,50.4,24.0,7.6,4392,748,85.44747081712062,14.55252918287938,917,0.3064049816523963,0.10858445457578117,0.05098409874346714,0.19515178472145
554802,118100,21422,1629.2855571195364,6.5,5893,1704,24.512183736345815,4457,73.5,16.4,2.6,6438,839,88.47052356740414,11.52947643259585,1908,0.2750910279152273,0.07954439361404164,0.08906731397628606,0.20805713752217347
554901,71869,10446,3081.318299587446,4.2,2626,568,29.082902546429256,2069,52.0,23.4,11.6,2448,779,75.85993182522466,24.140068174775333,507,0.2513880911353628,0.05437488033697109,0.048535324526134405,0.1980662454528049
554902,109087,9646,1955.763682621718,3.7,2805,828,25.12958739373834,1864,71.9,13.7,2.1,2715,420,86.60287081339713,13.397129186602871,938,0.2907941115488285,0.08583868961227452,0.09724238026124818,0.19324072154260832
554903,109615,13121,2460.3386416781814,4.4,3905,1052,29.692858776007924,2827,72.5,19.2,3.2,3648,652,84.83720930232558,15.16279069767442,1151,0.2976145110890938,0.08017681579147931,0.08772197241063943,0.21545613901379468
555000,86737,8293,3864.745644412435,5.5,2408,843,33.89605691547088,1514,60.99999999999999,16.8,9.2,1932,650,74.82571649883812,25.17428350116189,925,0.2903653683829736,0.10165199565898951,0.11153985288797781,0.18256360786205234
555100,89706,11024,3781.997816983791,5.6,3133,617,35.168722786647315,2490,59.4,29.3,4.2,2412,1072,69.23076923076923,30.76923076923077,977,0.2841981132075472,0.05596879535558781,0.08862481857764877,0.22587082728592162
555200,95263,10255,1413.8875778668216,3.2,3613,1191,25.333983422720625,2380,51.6,20.5,10.6,1993,1069,65.08817766165905,34.911822338340954,658,0.3523159434422233,0.11613846903949293,0.06416382252559727,0.23208191126279865
555301,116136,2224,901.8946217110392,1.8,576,179,7.374100719424461,364,64.8,16.7,2.7,547,317,63.31018518518518,36.68981481481482,269,0.2589928057553957,0.08048561151079137,0.12095323741007194,0.16366906474820145
555302,143542,19893,2633.441032162355,2.4,6753,1641,19.97687628814156,4886,71.7,15.4,3.6,5275,949,84.75257069408741,15.247429305912595,1439,0.3394661438697029,0.08249132860805308,0.0723370029658674,0.24561403508771928
555303,102681,11985,1457.9932036269058,3.9,3890,1396,23.070504797663745,2555,65.8,15.2,3.7,2737,1346,67.03404359539554,32.965956404604455,701,0.3245723821443471,0.11647893199833124,0.058489778890279516,0.213183145598665
555401,66615,2379,456.23287556917865,5.2,507,110,15.048339638503572,381,63.3,26.4,12.1,524,268,66.16161616161617,33.83838383838384,532,0.21311475409836064,0.04623791509037411,0.22362337116435477,0.1601513240857503
555402,57438,8255,1495.9697415356084,9.7,2006,509,12.18655360387644,1560,63.099999999999994,32.6,15.1,1328,1878,41.42233312538989,58.57766687,1475,0.24300423985463357,0.06165960024227741,0.17867958812840704,0.1889763779527559
555501,71587,5030,313.7788888,5.5,1238,504,16.898608349900595,844,58.7,27.6,10.9,1163,414,73.74762206721624,26.25237793278377,628,0.24612326043737576,0.10019880715705766,0.12485089463220676,0.16779324055666003
555502,104765,29605,2175.4807161318336,6.2,9699,2955,24.34386083431853,6380,75.2,16.9,1.7,7956,1272,86.21586475942783,13.784135240572173,1652,0.327613578787367,0.09981422057084952,0.055801384901199125,0.21550413781455835
555600,103703,5743,270.90840873175927,3.8,1432,185,13.198676649834582,1259,73.30000000000001,20.8,4.4,1764,139,92.69574356279558,7.304256437204414,786,0.2493470311683789,0.03221312902664113,0.13686226710778338,0.2192234024029253
555701,114417,9990,2410.4104518481745,2.7,3321,794,21.38138138138138,2375,67.19999999999999,21.4,3.2,2611,384,87.17863105175292,12.821368948247075,436,0.3324324324324324,0.07947947947947948,0.04364364364364364,0.23773773773773774
555702,124344,14796,3284.769870451471,4.4,4940,1151,23.519870235198702,3887,76.2,9.7,3.5,3744,747,83.36673346693387,16.63326653306613,890,0.3338740200054069,0.07779129494457962,0.06015139226818059,0.26270613679372806
556000,64800,8639,166.0105051647519,3.9,2688,706,36.61303392,1968,44.2,31.9,15.1,1984,857,69.83456529,30.165434706089407,652,0.31114712350966545,0.08172242157657136,0.07547169811320754,0.22780414399814794
980000,56250,4,1.8368789953426927,0.0,0,0,0.0,0,100.0,0.0,100.0,0,4,0.0,100.0,0,0.0,0.0,0.0,0.0
980100,28571,519,42.16616195693603,7.2,232,86,57.996146435452786,156,9.799999999999995,19.4,46.1,5,207,2.358490566037736,97.64150943396226,0,0.44701348747591524,0.16570327552986513,0.0,0.30057803468208094
